,vmid,vmcreated,vmdeleted,maxcpu,avgcpu,p95maxcpu,vmcorecount,vmmemory
334,3yn3+vkS0UcqRnSipmfkTv6obOwEaSle9G5IUyGIj/2nLCPnKVji5tMu17pa7snT,0,994200,100.0,98.96591494479608,99.620595,1,1.75
1001,3SAtGA/h6oLlfFJX66ZnGzNwOo8qCtasQEg9t9iya6H5Uhaw1fP+5nNjtNxG3b55,0,2591700,92.981669,52.48560390925931,57.777841,1,1.75
7072,cf5+l2YpYGHgJY8mqE9CxHIbEjvyGjmYKav8SATMY4CxR717s6tBR7Wo/QIy0IAP,0,2591700,100.0,52.60187828475524,100.0,1,1.75
7130,ZeySMwq9I99OUSUFAbkh11iL/Zmj5pQEovhZwJsRueX41xQnf9Qi1uXeD+WEZt9I,0,2591700,99.59988,74.13251712387101,98.56859200000001,1,1.75
7426,7s8lydY+VPbsxSMCnX3MFPC3CaLBnz+Lg8Gp9iwfq+DuTe9W5OqctzxcZFHaOUlJ,0,2591700,99.256087,74.57105238732437,98.59629100000001,1,1.75
7427,x4DBrQc8FXb5UWozXEMx1RtPwdzMOi6yjvJOrMVTvPJ1UuQFF4TmGRZ5IwSt7zvp,0,2591700,99.13128499999999,71.86674328617742,98.143433,1,1.75
85366,asSqSCNWEzJv1lFLcGMXUAUi5hduE94bcm15gPk0CnIcrUW+b/ZL2Jlbpl7ilJ6t,0,2591700,100.0,51.22773717002534,99.082954,1,1.75
85496,ViscDQEaXpFqDWoj1NK+rYi9Y4KUwO7Cxrt0rMLJXq6KCIrLAv6UbE6huW55zSnM,0,814500,100.0,71.40900178416206,99.443493,1,1.75
85531,6Xrj8dE/X7Jjx4M1aKACPeg9R0em0WtIWqoZvGo0R1JGOchax6G7Lc2I3v+CsMfa,0,814200,100.0,53.64031466998165,98.970331,1,1.75
85583,TMsS0ew7t/yu3v8qEGQ3NNNcd6K9PRa8DO6EX3Eic0amVW0QZiv98coQY3t20jhY,0,814200,100.0,54.56070906190126,98.926007,1,1.75
85584,RB8MdgOuCKwWiLGe4oyhhiDs8tJoBe1iO8z/wfJUmm2VMFwzsulGB9YT36i11f2u,0,814200,100.0,77.0178894847147,99.69696,1,1.75
86356,Hil73Ur2bRIzNVrBdRoS3kCAg27yW1IsGjMXBeF1Yp35eN67/VDvQUiEs+F73pxC,0,2591700,100.0,55.28273229690938,98.689541,1,1.75
87011,xr6isL2f6Bw8QJcPtekjYGJZjIT6XcOgRjS0+mZ5HDUM56+3adEKAi8f677Eo62m,0,2591700,98.789865,51.64744650973122,96.831652,1,1.75
215595,tMrQ6+e+HBVvJcJEq4znclKWaAmu3AcXjOo0sLqkFkfhdUVHfAu0MAyHTXUxHVep,0,2591700,100.0,93.3773267203703,99.44909100000001,1,1.75
215596,s5i7gpdp5Qxm4P3hynucUaqnA7Q1EFWytmqU7hq0YUZ5ao24eQdySBZWFn4YsLbl,0,2591700,100.0,78.82443003703656,99.524173,1,1.75
215832,bmw5swnEGVhkg4APwJ+Ro5A17A+QZWwCPXbAM21fKRhAz91yZhduLXHaiMzaFm5M,0,1435500,100.0,54.357950654199755,98.644245,1,1.75
219117,EHRUCeVtAej33Ui1YoNogzCbNpRPGWalKZZ7MBAlRQu9ERNXdOHPVh1Vl0LxCHZK,0,3000,81.358603,53.97909954545455,81.358603,1,1.75
221721,vZeyhDVUnHc56VrDuETVqtom/rroPyyCx4Dp31+lwUy8g2ZQrh6i/QxHQCEhvnHd,0,2591700,100.0,68.33459482826983,99.424941,1,1.75
226993,ccgSPmjQ4bd9Qkbfldz7DyTpkW+x5QeABRLWvzWASbbKVv8lI9N3QZF0Z4gANDZ1,0,1854000,99.403397,52.34235030679604,90.36218000000001,1,1.75
227593,fQwiEg5kEoWtgGRY1joTOaPc7Kuo6wkGzksmOatVWJvPE5J99Y5LI665KeH8pivY,0,2591700,99.272601,73.5118612240743,98.57061,1,1.75
227595,wTf5mxvC4iQup1kUhQXhmSTe1rh656hM4FMrXi+exxz9B1Pk1w4nv/Ay6Cpv57Il,0,2591700,99.477694,82.29937929803273,98.203949,1,1.75
247173,2R6mXGU9m6CVCS/fE35DNNKvEQLeTypVg8isBNvTyyXnh/yGGYYE7cWeoPeumcE8,0,906600,100.0,97.36485028415493,99.142703,1,1.75
247190,4ogXwxMUWjMmCQZ1N/jAU6HAr0EPA734HeiiMR3nthKatYpPpzBdMwOjFIbZTscI,0,906300,100.0,82.34953053540697,99.050893,1,1.75
247191,BH0b/PG0+MVXfDfagof4QgughaimAHwcST88CViDBTpX8T+rLhgRzd4RlZ9qHtqI,0,906600,100.0,97.24756398874923,99.277224,1,1.75
253945,8ZBwXf4aJQtdYiDH6TiSjj8flsXRQoiTE5eBrNgXZsV+P/Dp/Yvac+BSK8NyrogQ,0,2591700,97.940457,81.33380163217579,96.406976,1,1.75
255306,B9EKG6lTXBXv9vvhq9Bd6po1cSe1oMho2admbcoWJIxc0FjYUWj+nNDeSyO1Sz6A,0,2591700,99.887102,98.06303283408623,98.602538,1,1.75
255321,3WBVplKnvsrC4cs9dgDzvuCcYZ6QJ471L5tEA6KIyna1z0o3dnD6BWuwnT8V2nLw,0,2591700,100.0,89.11599316516191,99.456751,1,1.75
277668,QWuYbk4r+n0vXv62TrBpvpqxsTVZYGBhFUFU/B4SCHXybf1UysRsAleek4kibbwI,0,2591700,98.370637,84.68480870065981,92.255085,1,1.75
278003,O7vBjgi5tFBYpLXSfjE2A61hLHiHMtjCo9klOndyF4fcBrU3zq19iroN3EZc8jj8,0,2591700,100.0,96.63221640120341,99.19798,1,1.75
280106,EEwqV3Qw6m1f9jHhWB7H6f3c7KmPUZd+sWQi2VDiss+J6GzyEXg5UngLLIhfvjF2,0,1422600,99.26293000000001,69.3032018975113,97.941813,1,1.75
281434,vg/+K9HPQ53s8MX5o8YQNNHfWemvIigBx/8K2LfEaiAf5GDaEPDrYXOlVYde219e,0,2591700,99.687159,52.58879457028628,91.14764,1,1.75
283017,3wv85n6zI6yeWdUBVHjSxeETYufxfatyl9BhdyRCnuO7KbBUUGh7qKHZZ6n59/8Q,0,2591700,99.301438,61.07025477307498,96.669004,1,1.75
285689,qIUiVKkwJ0nIXpxzqIuwGvn3RoPhUBO9fkOwx0U2w7iXurTZRgDyMRIVn5Nuaklf,0,155100,100.0,55.26835821235521,100.0,1,1.75
285690,V2aqbeXhgiTz7u9/Gq33/LGwYETKyIHooDAeSVR7CtXH7SD1Y65fKfe6VPbBlCBZ,0,155100,100.0,52.63724628957525,99.425694,1,1.75
285691,7bwaLaS3WATF6c8S1ZqkW9JwXptmMF+ZOt2yoPMFp0JNVztuJAgAc0mG6UGtJe4z,0,155100,100.0,54.552493704633186,99.385731,1,1.75
285692,cmvccfP9yhVBcDvXQwdTHY39KkiJwnQdZ1VZkbcckb9Rje/yZwlJbkLCwKV8ZZWh,0,155100,99.724577,53.15875958108099,99.100218,1,1.75
285693,kxIk9uoHi9ePRG9bf7nUJ76Adu0xwFGhrvk9Cq5+VuLkIncXwNAF+FmhdvmFgqMW,0,155100,100.0,54.25317797490353,99.435187,1,1.75
285694,p10Ih7A9XDoR1U1obvj+8nldkPHJQqnJBb8CtCFKwjmgLKXQH7MOS6IoJHSA9NJA,0,155100,99.93774,51.10268610038613,99.386131,1,1.75
285695,XspLiPWMtregJheQdUit/Yp1kV1ZORqHZ7TLtc2OOp0I9YfXmuuGuJrmKZBvqKB0,0,155100,99.916262,52.839543227799176,99.38570899999999,1,1.75
285696,Sfjele6Y4GR2ZLT5YEZ/ufdVSenDGJcb1wAFd4sgP72MfWTfMs3scyfIbWGvhLy/,0,155100,100.0,53.04416040540543,99.42340899999999,1,1.75
285697,D91o00YUajORtOgdKViPrRwTsV4AXV89+GAI7QPmpbMD67x9kq9JHTZfJ0xU9feZ,0,155100,100.0,52.28782428571425,99.47546,1,1.75
285698,9cwik+/GQVJYU6adHYps1WTWyr4srQWuMPlYXVNSiYqSNclQE4O/g5GZZxUx8BYJ,0,155100,99.7706,51.63061302123544,99.180475,1,1.75
285699,klh1s6Cqe2bUdBTzxL/PPhW0kAYSbuBf8OoWelMMcseAbPNF1jwmQHbTn3TUo20+,0,155100,100.0,55.207636959459435,99.496954,1,1.75
285700,mz85xRXZRwrg7XZN8vLCoSTr5TQfQvplZ/j8QnZ/UKuyKJNXSTAczPVQ49zVH6Mn,0,155100,100.0,52.16864798648653,99.501641,1,1.75
285701,mG+aoWxjrxuZ/+4FZGV66GlxRwfG4ahtLTM5IWS2AoKyyje2R3fI1T2+piyzao9K,0,155100,100.0,51.61885610617762,99.57668100000001,1,1.75
285702,OirgMmbbQCymFQxW+85TqQjbyP4JsMpJrPZNkowSCFsBZxg4jS8UMe4lDNcMW/r5,0,155100,100.0,51.635969739382254,99.44054399999999,1,1.75
285703,gcsPDS/IRDHSQwltaGlQLA2IoWle+VSukOEbJjBRQMBXKk8/Cuk0JmUKnjV6+2Gh,0,155100,100.0,55.37369659652506,99.479965,1,1.75
285704,eriA6yGq8oob9XOSdcfFCS1j2ne6dWY9JDQ6iFLSIf1mLaqscF8aAch5zFtagoOB,0,155100,100.0,52.2137758416989,99.213654,1,1.75
285705,Uec3XNGVWn0eFXIb1lADjWT4tJtgDqkul7ng+6a0/y9L+aWeLpeeiaSA/pQiStIb,0,155100,99.967952,52.8614444285714,99.184558,1,1.75
285706,yQ2Kh/p4SM9gwZEtRrpqJUOQKGHa4EYq3k1SesONJl8rPoSrcen1zc3IRbNmzVic,0,155100,100.0,51.68756522393824,99.365015,1,1.75
285707,J0QnmwAaB5XwlPq5Ju6fpWW71KEhmtKrlkj6P3GYVKjOalJZgigYcYIEe+qu4noi,0,155100,100.0,52.41331522200771,99.603155,1,1.75
285708,SQP9xc3X310T/B40KM0Tb3Mo3wlizRff9MKALaKdaMuVIyEzVZCGzEd3/nDn9x8h,0,155100,100.0,53.22196944208496,99.122027,1,1.75
285709,CoylrGSAFH3N06BtyApv/bjutJWJk3r2PJrLUdAjWzny34GiPvooPxsS3wkn4vnQ,0,155100,99.725432,52.44761785714281,99.361533,1,1.75
285710,J+73hWoFTRIBA/yUyotkqHn52kQDIXFu5SAenED7QfWfGfLZ4LJXS0PCYq37khOx,0,155100,99.809134,51.63897969498068,99.403014,1,1.75
285711,d6uu8W7H1m2FpaMsPtnoaVn2edllNQ4P6JPmhiKdk6usBUMBpQCCs46cfi31DBpD,0,155100,100.0,52.7908299285714,99.506846,1,1.75
285712,G6HgZdD61IqEyanLcWTfpi9jiAkjcvt7yT1gfQG1JCAvUxeZx2mIrn3TbLTZpFMA,0,155100,100.0,55.390612959459496,99.496057,1,1.75
285713,hut/Hk/axyyIQmQJo+ttShR7B8fhvwaVryFehVOqroZe8BAr7IRdKA0NoGTRQgVr,0,155100,99.852395,53.65729284169878,99.381817,1,1.75
285714,cuQoVesP7Vhk+5keyHcDftXiSHYrQ5ebkxwyX7+OiFwxauHjicKEpGTGA8jkhZ0g,0,155100,100.0,54.07368263320463,99.51516,1,1.75
285715,oaWgd7yQZOHuVGcB8oIdG7iyX3WTBwSV01KBumsAU4pqaqQxMYKHDyBFyEHEH3wV,0,155100,100.0,51.194901200772286,99.320417,1,1.75
285716,7gZW7M3ALgPGSMBavgTMiSpwcPE57NxD5dp0xDwZTOhvnq+2QWnqKRlyOF9VadMr,0,155100,100.0,51.90847966602316,99.41917600000001,1,1.75
285717,xqnz1v5fjSsB+P8mcJw3ZnWN0yXqdO9205ERz1bBcRmh5p0T7Djd6HEGJ4di9MKJ,0,155100,100.0,52.15615999019607,99.41715400000001,1,1.75
285718,w5SfsA4MBsAVr47K1BYH2/LtwjyTb6C6HkBJp5pvVEUgbOOZg7AXTATpEqLIARdm,0,155100,100.0,52.1260498301158,100.0,1,1.75
285719,i6SfD+Qr80gb9Reqf+srRPxBFvq3OckwB2dTzk+kuU73UH+wDaMkcQHbVPqxraLx,0,155100,100.0,52.31988628378378,99.390142,1,1.75
285720,ql+rohY/HcGexoYx7EepYm+LSKid2+aK3FSrJahomwzL1dqtz+8MGPGxOMYD+SN2,0,155100,100.0,55.58887458880311,99.237284,1,1.75
285721,vw6fC5rb9WYNSFG197X/mxljV7Zw6+DEedoblBsXD/v+5BmbrU45kY/SOvD13/jL,0,155100,100.0,54.11143175096525,99.33775,1,1.75
285722,913ByUHVFFB79n2lDinWGF0VL7jSjj33TaqIZ02uELSLJo/IanQbDXmN7tenjDZO,0,155100,100.0,52.885845853281914,99.16499499999999,1,1.75
285723,GLKWDEUlt//9AF0LmfjN6h7ORML1eR0gwbIwx9emGDeJm/f+3ZJ/TANnnf1DQphr,0,155100,100.0,53.46375328378385,99.353937,1,1.75
285724,DI//PXOO7sB6VrMBje3WJab+SAXY+89uR7jXMzb+vnqJZCOWZPsZX3PtI0IMB6fI,0,155100,100.0,53.63268416023162,99.37429300000001,1,1.75
285725,sfkRxASd4yR4jSFL+0UfNpWXQBquXWml2en9Q900B/bALBlgM2o14m5AfCAoJY5M,0,155100,99.947753,51.633156897683364,99.33799499999999,1,1.75
285726,CGr1WKLbq3cEck3H+uJOPii0zFjOTXXqBOQGaWhFM9zH112ERPRh17NbmaR+Bbe2,0,155100,100.0,52.6404147741313,99.520189,1,1.75
285727,yzcDkJRxAKfXH7dAwzXY1Tsq9dLJ7yoQjTIro22bhTPKeMaNqrSTRr0xgOk+zMqe,0,155100,99.920559,52.671823090733575,99.348015,1,1.75
285728,7qgx7/KbW4/1gjRMPQPXhrDLQhuf3epxxyHO/RKmZhYivZldISRPI75b38VmZ2ny,0,155100,99.945082,51.48577455019299,99.440773,1,1.75
285729,dKMVgNOLss3zG5F+A3HHDRPoli6i7xk7zQBwX097wTthmCxHbVMiEgsPrJrLBbSF,0,155100,99.841173,50.72290846470604,99.136335,1,1.75
285730,Sj74MB/ETg6pAsXLAWeglsO89RGXvp8Xip6ByTubp5XsV4BJQqz6gJ4Cc5bxfa6c,0,155100,100.0,54.40264089382244,99.360644,1,1.75
285731,UpPVhv4PYPWKXnGlC//6BvlxaPyKHQSULLuSWM6aWLYH67Dk8cSqg/VDUznNJ35R,0,155100,99.884615,53.023815388781436,99.447154,1,1.75
285732,nFnoSzutleEzRFML95dq1ozmOW2UgFPPPmiViVe0A8z9NxXLTL35PwzXG2MaAsLk,0,155100,99.942295,54.184981295366896,99.51100799999999,1,1.75
285733,wy1GU2OycQQGAAHmc8LQnV9EbcPBwKHAIw5sxrOyppPEgxHOG/ttTEyfoKG1Y01A,0,155100,99.879713,51.453005625482646,99.217179,1,1.75
285734,k/uDHc5GDaCShOurf4SlfRZlShjEmBL2CT1b4+QMx7zyqvw7MXWxO31GNLCK9DoO,0,155100,99.821395,53.06668141891887,99.400385,1,1.75
285735,IpNG5csaP0Yookp86x4R29vHL+XZoHvviC+wwra6fvCe4ToiItVdbLmdRmO7w15i,0,155100,100.0,51.22889629343634,99.416033,1,1.75
285736,HEK2A5Ak84yF5dOjl+YHGQOkBJokKKB+iKMFRqnfZUuWui8ib3MVvJw82+nL7UHN,0,155100,99.84960600000001,54.00676533976834,99.283625,1,1.75
285891,KF9MN1sQI4n2/ogHRtXUNj+OHwKvUBJ915OvQE/hsvqk0PwWpPIJqdl6c4Ed8xY3,0,155100,100.0,54.73452714092664,99.585541,1,1.75
285892,jTGzUdwQZtbxAWmC5rlE3Cb7/0/dltwW6QFdJfJYeP9nsnwxZ+JiWw+JNH65PN74,0,155100,99.859544,53.32982357915054,99.526649,1,1.75
319399,ZeLplozwf63RtrlkzzJkrhS7Lycg6+AGuisyzoPeypMc78Err1tniLMNHVlcwnnd,0,155100,100.0,52.07642848455597,99.30895100000001,1,1.75
319400,GTp/xNWqFFxQXQoppAxmOEBFORhIwlh70jYngBtqdhAHIoIJWyG+anDuUCUkCQzI,0,155100,100.0,51.47110795559845,99.131722,1,1.75
319401,5GeTX3iT2zyI5lVO1WMOtk0YqLvhv/ytNH7hpceMl57skXdCcf8DR9SGK8NZxqlk,0,155100,100.0,53.297027386100424,99.455907,1,1.75
319402,CCiraZY/XrASukViX4wwjTyGNd04Gq78TR/bgH1KY22520aaGX/R3CziNbnwgXkn,0,155100,100.0,52.2484372084942,99.26168,1,1.75
319405,Dea7AaCFdc/mBMOkiykTSCQP1Gt/O/ykQcHsPODN3zmqSIjiusm+SgsxCbqDZt4H,0,155100,99.886094,52.95105909845562,99.259675,1,1.75
319406,IU0P9IddwGbqOoCGaJFpxN4icUZ1/1e1OyYY66rzh1gnR/7XSP/ILenS+yEGHvf9,0,155100,100.0,51.788733976834024,99.448018,1,1.75
319407,lr12kByoS6EXBOgMTUbscBeT95C7lAlPldfr8o2Xeq4S3F5CUCi0erwazVsjlzqE,0,155100,100.0,51.15656684749039,99.583793,1,1.75
319409,EwO6pOKhH64U0cAaMTWJ8LLhe2ta+5I5MO+/OvzS+EWH9lPYnfKEKFMMyxngqyZU,0,155100,99.82166,54.47948592664088,99.245652,1,1.75
319411,bFrGtm9+gU6/dlAs1wQdDXu2j8+QA0pURgsz63Fu/txJf/xnhgrdxJ+SZCcOxb7F,0,155100,100.0,51.46431522586874,99.406176,1,1.75
319412,J1GT8mn/TnVenPTuzhCIWIQ9CLpxKfXab8MG1q9zo9XeKoi+0qDlZX1XPpQ9mVQn,0,155100,100.0,51.14245991312738,99.432825,1,1.75
319414,TmFcXDWOA20t3iJYp68r+dCVTe47UyqZhflQIU2s4yBg59Hecv7SVhJJxz6FSTAl,0,155100,100.0,51.59591573938225,99.277782,1,1.75
319416,YSfxVbsbe3QEqDAI1cREFk1uujFt2S2eaOKQmn5xJVASf0e2e7go6F/au3KF6dzc,0,155100,100.0,51.63019540154437,99.556136,1,1.75
319421,X/goVoXITDjsc4P86dVgIMW7AqVM7bRwfUPosnSC4qGDiUlqLIJ2l0GbB1Pdigno,0,155100,100.0,50.827155428571345,98.94737099999999,1,1.75
319434,dUKsyRXM5Eovjwnbo+TagYUv5Wst54C2Pqnlu1N6eMRsILf0zUizCnJkGSdqA8na,0,155100,100.0,53.1469165598456,99.490084,1,1.75
319446,o9FEI1HnYAEvNmK8Cc4xXuvOrZEGtE2p7i5HG1PO0ZwHNYP13teHGzn7T0XmxWmJ,0,155100,100.0,51.153670501930534,99.134724,1,1.75
319447,OKd9QFVaMoUyW78ANPK1ShGK7glng41vlYYY0les/bikjcpH9EQUpspJeTEwY8Dq,0,155100,100.0,51.256976104247116,99.645344,1,1.75
319469,hLSvaqiuGQOrT5I5nJbWA5El7WUaBgmRHkQmcs2AK3p8eVvYUEc19F6WqhnJfisC,0,155100,100.0,54.140017776061725,99.42585799999999,1,1.75
319479,TYJola+o+tilxMsrWlmVHW2FHwLsTV0DA3dyDTz4TP9JLA7rUKm0QQ5kafL1pKIR,0,155100,99.942385,53.082576030887964,99.53045,1,1.75
319500,5tZlOMyeWlDvGa+Nd4ReD/jodvov5z4W/poR+NPv2VibnwB7mS5Mps8JhIph6UmK,0,155100,100.0,52.64434236872585,99.27516899999999,1,1.75
319503,uVRR2nKxloJgZJ1OlcsHjam+iyGUrZgDnZPRkmgT7xkQYrX2epg3m59uQPBUBf9x,0,155100,100.0,51.513503293436315,99.252872,1,1.75
319506,GwRoFcHd10wAtRv5G1W4FmJx95HkIi3emT40LFp84dH69igV5GRC3OaJMRCO3vyS,0,155100,100.0,51.75169265830115,99.431842,1,1.75
319507,u5YCN0Z93eCYBmz8JjjqoaOg+VORVnl8xlaVzFZsZX02lnwyP25dcF7lDE7fdKPt,0,155100,100.0,57.313342357142886,99.43210400000001,1,1.75
319520,I6BqRxJxZfOstbCHEWZNkIllTmqv9Uxi667/+QT7E4/loybch8LT9A9zE9OZXqd+,0,155100,99.687084,51.23593542857144,98.928445,1,1.75
319521,x/lOD8JP/zvu3ubFVu4HGUsC6Fc/kt3gcaiJUiU2ap2yQA1fqzzCWbTCLyow6dpl,0,155100,100.0,55.54680319111967,99.310346,1,1.75
319523,D0fjgkxTQ6mZZrqNzME/Qv10vwjrq+j1CkUaHYtrSvmV5PT4dBQMNXP3aLS0wXUP,0,155100,100.0,52.38442627027029,99.40560699999999,1,1.75
319524,z91fQDqZx/Y7z81fSieC5ZA148UVdB0dnyn9SBeaQ7SH9rE9IGMSTeNfv0UY0QBT,0,155100,99.815709,51.90275875675675,99.189715,1,1.75
319526,Is+lXPpPJOotshME6ozPkg6YM0gV5ahTnw88lUtHC2we52352Er4PdfoWQKyuzgj,0,155100,100.0,52.247967878378354,99.352522,1,1.75
319528,E7ZkpmFyTTatf+JAxLSVyZ6OLj4l/yhaPiK/CmeF/1KEiJI4AmcL9uLScyPqk/cc,0,155100,100.0,52.71319354440152,99.46223,1,1.75
319529,8cEiCTGP1B0nJEKIayaqI+kMqXkLu+ZQNpCbxuCeuT24mr2bxQ+l1gJUU/s+yAie,0,155100,100.0,51.77340363127415,99.140046,1,1.75
319530,1xdiUtIGBhDIP/yMYG/mQOgIPqh410SmwXYbz4/DgVm6GgnOF1R98j0LkanuGl+k,0,155100,100.0,52.04416028185329,99.427939,1,1.75
319535,c07QwPithUlLp+V7/gb0/vcdmFBzBQ2dxCa4SMBFimfBAYBFdatC1gY10jVpk9nj,0,155100,99.93127199999999,53.98856015250961,99.388749,1,1.75
319537,SEhmetMfVPmXqzbc7T99IkIO3MygAi7mFsuf+1EiHfq8mjkURRQn2f2e/tBmknGC,0,155100,100.0,52.82788664864864,99.245615,1,1.75
319539,zBfKUGDUmV2vu24FBQG6Zijb4ckcgHN8NB82N3S6qjuShKpxhS+/j8Ac8MLITMCk,0,155100,99.79644,53.56267954826253,99.45300300000001,1,1.75
319542,tGvFgXsTtzy/3V0dZzgNuLrP6hrvIh/bYsU5nc8KEDocXHO/ORXnwHBuftk0KJZm,0,155100,100.0,53.52684355405408,99.35990100000001,1,1.75
319543,jF+fcW4YR7j1U6MHMKzNHdbt8Z+NSKufAWvBpKipbnGP3Aqcy7Z6uSR26gKgUXak,0,155100,99.745574,51.58320092084949,99.12486,1,1.75
319544,se9RCrRjQ6WGAkga/PDgSZ5txlLf9E6Yt/guT+N2m+6qpLaHDg4jixiei5oOR8cJ,0,155100,100.0,52.11657349806946,99.420636,1,1.75
319545,EC2uJYW3YmyIReGJIQMYvrHG1/sydEhg2WvvNpi6eX50oEperOOBTAZa2WrYxAft,0,155100,100.0,54.9699025289575,99.326263,1,1.75
319550,cI15zPtyiBrH0HKmjSHL32dsNRp1Qh9OWviw2J9NofYew/t1oJZFtF2gqg2VU38a,0,155100,100.0,55.077345378378325,99.45813100000001,1,1.75
319551,RtKxdcWRwUqqAn8SNvdK9lLCrD/I6K8SuRVFCuurCYESfNshxoIXlz+KfMKeSEhm,0,155100,99.875128,51.17789778764479,99.377145,1,1.75
319556,qwN0YCbqi3TNDve9Kd0r4nHT1u0F3vedLxHrh4tmNLvOKFAGio2JyeK5I6CC5uKn,0,155100,99.985844,55.489697038609954,99.620076,1,1.75
319557,0OnIhy4lf05z6ZwGW2IihWkp+4Psz24Z9nT5Ac7F2USQWzZSQeg7VVUgseCw9rZT,0,155100,100.0,53.37282512162166,99.36086999999999,1,1.75
319558,KqQSkzoG87aPcMrWqBiSSow5eGfg0TYGfiuzU8W8UDqPt1KQEbuVUO+50HKiFavJ,0,155100,100.0,52.063726138996074,99.30895799999999,1,1.75
319559,mZFYJGrSDhqm9v6wgIDH3LC/veRKTmqxJEYOef0+uOR9n2+EmmnGrkrv50jktdmx,0,155100,100.0,51.19708423745172,99.352418,1,1.75
319563,Itwi3KP7UjfOmXQ75HbVzDmajS9hHx7cYlvPLYjeo9UIQd+Jl8ZFetVgvuzxNwGT,0,155100,100.0,52.56794771428577,99.390764,1,1.75
319565,P3LFldseOpPzzJEu3zk5yW1Z2n6eZ6LIb8mC8luMwQl55naYepMnAgusVPsVp5MB,0,155100,100.0,54.97597002895757,99.51322900000001,1,1.75
319566,1LeI2cd1ODSQGpyfJ4z3z7BSjtEnzrJOuWtCAn9HTvvlFqfJmzAlHr7uauEnduJS,0,155100,100.0,52.478661474903475,99.535301,1,1.75
319567,UR3xEBT8pw70RiQ0/Q79DCUMgoUpjQz9/qeCnfYKemtmq9BUuXefvvSpSIA4XxNp,0,155100,100.0,51.96956271621626,99.586078,1,1.75
319572,Pbs6IiFaaYQht4DHUOiK2ud9+k8a0Pf1lfS20mZuLLOzUghrYaaOhSfEoJn6c/Ch,0,155100,100.0,57.19771986872584,99.59264499999999,1,1.75
337136,KmDu3lVghDp2+KPmXu5ofgn8KdERmpFCeL64jwF7NKbTwV5ZfqBLXNgRQz2sJsRP,0,80700,99.102586,50.34780604444441,86.33666600000001,1,1.75
337138,qCHzA+jstY8hhstnI9FD08pPAHOIlpf2Pfh+zelyFnKurHAiMhXov25GW2vQinG9,0,80700,98.371941,50.60094428518517,86.086502,1,1.75
340286,tntZz0RDunEsJd/LLugLTgpCYUBUe98wZFFxSnfXDfMfpuipCgtk3mbg7iItmK22,0,2591700,100.0,85.55657761441343,99.43918199999999,1,1.75
357950,ltHy/TRF4gaMCY2Hkn3mFWV4/37BYt/AwBISHXysfvtoKOwfpcBvon3/o0Nc+uIt,0,2591700,99.506603,83.6733878313465,98.43389300000001,1,1.75
357954,wWeNfyIE0ie81QoOtcKPF+dJrt4vehp+8R3uc5LyBBX3yDEEWadAI9O/gv2QHTQw,0,2591700,99.490104,57.10201829571782,96.817429,1,1.75
357981,wysdk5HmP42sFQq7CpcB7zasckI5Nt1+QwphzjmAkN5zBeKW676+or40jmJ5zzzZ,0,2591700,100.0,64.89329101111242,98.962464,1,1.75
358582,XxZ7GnBV1yCMoLfKFN/d2XYenIhe6hBoro66WngEsAlSe3IseKRcG7fr1f4KDqOj,0,1202700,100.0,53.16485555924161,99.377188,1,1.75
362379,AnsJBZv9z1pYtFDExSlrsEbnU2hBQfaXqJAWyf22zqeDWpQGSXxKM/+o4ORvHxAp,0,2591700,100.0,98.99978856784034,99.734257,1,1.75
362394,G+KffN88VqvMSUdpyOu4I4poh16kVKhVPlCqcyoKP21y1XoO2ZAnj69Q1XiwpKGi,0,2591700,99.365735,50.62624066226854,97.995186,1,1.75
366828,ZIQUmD5b5Zfxt0m/qC3HT+pbydNnR7R0rJcifGw7cgOEPftCHiMz0R7UZfbG5qJ5,0,11700,87.380712,51.55394165,80.363567,1,1.75
367046,X9SrHu8pHdh3avoL8ES355ELaLGcA1p6E6rSxqZU2AfYVtMYxAKzwjxt2sR0uHe7,0,79800,99.299298,50.44712402247193,84.728346,1,1.75
371948,pUpsTdf0zx9bfCHCQlXmoG3pUNBybPQwNfqHL/8OL7aqMCH5HCdMFWg3uxIt8QiP,0,2591700,99.57870799999999,70.61401356179012,98.81111999999999,1,1.75
371949,6dUJCP8SIerWj+F4EnxswXKzgx6WrJytvuApiH8Wi8oydoByT7CfQuzxUB9N/X7x,0,2591700,99.597921,78.49461089327895,99.060691,1,1.75
371951,weNPTjAQ5R1FlTh/+qaxuBur/IvQabHEY8FlYznTbJ9guzRVmiUxmZHoJIcmUQwa,0,2591700,99.407552,81.6572910932254,98.521225,1,1.75
377820,KcXPDobVsEJ10XjloiEuXmvGEWh2gcxmxV+TRdOrYOwk6AsugKPM4W+VNTKEKhL4,0,2591700,100.0,88.08445492777798,99.803286,1,1.75
383814,V5/QMbuBkIzYN6ZmSAs9XTTWFvpP19SkeOY7pruzTFxjJWmkF5mH7+gkqqp3PYnh,0,2591700,99.174604,61.231395958980315,97.172782,1,1.75
383868,y2bVw3Z3S/f09cNFFbXbxhhPPAGEd22a2bEt00kyDfM+vC+KqkxNJVHUjvgNXEqM,0,724800,100.0,57.21751063963583,99.459975,1,1.75
383871,GOQLUXKuk92LRutKDO/r/0cEARel5vH3ZQ4pxMk7MHcTwtBl8Wr0yfT43vKZepJ6,0,724500,100.0,61.35266976190462,99.411699,1,1.75
383872,H+LqBz9SNGCkpfvuOf9qopxGblB7THKQtXSUuWwF4b0XCeCklLx+ZvuV6IbiYG5V,0,724500,100.0,56.98913755794703,99.473986,1,1.75
383873,XcRyt6Q3GEd1wX87UMG2cr42m1eyaN0t/ONHuKcEBK+hunP/Hrgp4CPuEK2RsQha,0,724800,100.0,57.76789989735112,99.52311999999999,1,1.75
559342,rscogm2Y8vXR23mYkg/uWVd0shv3n1TdvvFXR3tRB4+NSTAeZ+73JOKFcb+XpzqM,0,2591700,100.0,52.93188380011589,99.61930100000001,1,1.75
564681,WaRHaXzoFW4LeuL8JrEMD8EAVQcoW7oXllvTGeU1E2xWmsXZ7aL8+zbLxMRkd5Up,0,84900,99.140334,50.55069110211269,83.687315,1,1.75
567052,huHsR9K5peKT1U+ntcEJs/EonaxDKvP54eVg7vkGTo+0UIqtEd6EWH4li8uCf7Vx,0,3600,86.00223100000001,57.268427692307704,86.00223100000001,1,1.75
567496,0JU5zeJfvXXwzHD7h0s5fgi2ebg9t6Q+YdUjspXO19ky88iQRxhxKXi4bGmD5KLg,0,4200,83.96301700000001,55.47744953333333,83.96301700000001,1,1.75
574496,bsUpTRUQ5pQw5jqOwuhLIDC9G3Oh4XtVjXmmNEFA+C0FNXjC+ZUYGA+RVXfgDbY3,0,2591700,100.0,85.81793334726243,99.413208,1,1.75
574502,DNyIGg0P/SZ7Gi3MwUee95tDj4uMIlboSBCCsz8/NO4QjUeIGvc9CXCX3thrDdA0,0,2591700,100.0,66.16084377451092,99.261966,1,1.75
585691,Ivl1IzU65JYhllvneGVkzsWupgmT7FdgmXsIFnDOZRCf3/qStPCHFELM0Wh4lPml,0,6300,99.89905999999999,61.67000918181818,98.02871400000001,1,1.75
592116,p/FJ/X9NyrnktwpuJOB3dlny+wuE+/klCu6b9CAAhtKcmpr7+H+4KZENDT3uFUvF,0,2591700,100.0,98.75137630636564,99.695366,1,1.75
592787,NPvi9Ww48mTgKRT6Qwg7HUlG8qrRW/7gILGmTHNHZ0cYix0BDOCbXr5eKsoeoab2,0,2591700,99.334466,74.54045326115202,97.346684,1,1.75
599657,A+y64sPREONRUTXQ08LmKzt0ynGp6N0r0f3FNuCes4cXfDL1Yb3k/DMhScVpZltY,0,93000,98.987543,52.62441851446946,83.74365999999999,1,1.75
599661,xwm70UWB/R5fjct3DP/kZRqMau+ROVcgOMHCKObAyspOLTxjLvBSRu5/fyF+V/O2,0,93000,99.02396800000001,51.104294842443714,84.02409499999999,1,1.75
603111,DMMbkhza8egnxcf3+u5KxUcIXgJrKs8eDK7Txgou74LpjeAd4lpnZigaU4DFkglW,0,80700,99.42824300000001,52.4619908148148,85.46328199999999,1,1.75
603352,owqQHXE6dOAMRTz9Qwp4gVviyLDd4skapmgsneShaW4kc+G90Lpbv/QI47gxs/U6,0,100500,98.089134,51.95554940476189,85.01204,1,1.75
604829,P8BSxcI6wpWyU0EU3iFyDZYlclX9LubB3Uw7BiPtM/d2pQEjFnLZRd/sLBOKCcNw,0,2591700,99.268895,58.3288307488425,96.582385,1,1.75
604864,Sj4sk4kpwG0XJZr2imVf3kEGZdy5wa/7uuvy68ESQeP0b3s/by4FiNBxcyA+b8RK,0,2591700,99.265241,58.61728655092613,97.733012,1,1.75
604865,4tko1mCQaprPJLli1z0esVp+VCJ6LIofa9+1iepHOwpBwomWbCQIT7ocVBax/kds,0,2591700,99.229475,54.69517403101846,96.444958,1,1.75
604876,ickO/8TF8sfgGO6zUoq7aAPmdb2CsYABb32J3JqSO6qE7r2dE/XI4gHPxAKeUtAz,0,2591700,99.121848,57.80514593459893,96.715439,1,1.75
604877,wfPVNsEHfmuyjmRfNYmc5t4mEoq8kAKepxTwO12Rz5KIYb1bGgA8cE4ZvRRH3Nkh,0,2591700,99.098877,61.231724449293864,96.93873599999999,1,1.75
605331,CNU8jSIuYloGpCR1M3cC/MwbU9/N/MUuMlWZpKGtLvlO+Ki9rQyIe2GY+h1vk3IO,0,2591700,99.55145300000001,83.92666129641191,98.793863,1,1.75
605334,9LhHpmGr53MVM/MYbNrg2cZxDbm9BdUh2fck6Pv1TOkDYA8eo6QOXdLjjhofCHx5,0,2591700,99.19499,85.14531631189912,98.21621,1,1.75
607600,fHpi7ScDNUDaFkODxZgOk1yQiTtvVVOdqJDTuO1FJrDZCgzicJC5zOFRYB/xn+a5,0,2591700,99.32618199999999,54.398633470888065,98.293886,1,1.75
609983,vvR8Ouua9BT7K13ya3OeWMTwpVLmOFSXQ68mbrJuNCrFeMmHF3RET1SOW/vZqA/s,0,2591700,99.81772,51.56248195983322,62.17510600000001,1,1.75
610356,KwUog0N5icJj/SdgfgOJJOhKomxBKFj5GedSgnw+0kf6ijMM6vvMfDZ1cOvj3jvH,0,210900,100.0,53.99147944176136,99.43960799999999,1,1.75
610357,yofereU8SB+gLM3rkRxXM42F/fQR5ZHklgTH55y6SXE45Flp1KCMlDkFYyFqZjQu,0,2591700,99.475098,95.59403625729162,98.966444,1,1.75
616404,VOP/Epl+69TxUrLApHABhGkG6lmMGLDryiB/CaPsCkwBYXrYVI6ey7DYjnBfRjIK,0,4800,86.560175,51.70182758823529,86.560175,1,1.75
617515,whfpvwEsssmDNeuxJrqLqnFbogeExHYuo6IX2JJHumXdfSw42y1tL3McMoe700xp,0,2591700,100.0,90.50496204976852,99.755238,1,1.75
617843,hpx79t+4zAXB1nY9IqNYflRjisd50A9tWTKEajTZGvG4I9IhaA9j30B3p07TU3+B,0,2591700,100.0,75.89881954983208,98.57168399999999,1,1.75
617857,Fet35ItZ4wTWuCJhmGWgDXJ7EzDbBt3DTeXZzEBSfljrtF2oZrL696jBuQ7PsX3A,0,2591700,100.0,53.86687382916657,99.366688,1,1.75
620162,Tiv5gJFL4v1A9ni58zLfjDziTEicjH0lOzL0DveJLI+0NOPln3HfXhosjEk8rP4w,0,2591700,99.544601,57.356803107882975,77.30295500000001,1,1.75
630047,qILvLkO8LUyaVab8+jbvbCt+V+QnVlFZujxW/lxzAGBMT070vQcbVlHUvnEZO08j,0,2591700,100.0,97.02180288538712,99.232708,1,1.75
630048,VmCzdOrbqdSYgiODfcVFPAXmzb7cNoekT+WzSuqUrHYdtz9kSC/Ot8Gw2hHtAB1p,0,2591700,100.0,98.19028539631176,99.586159,1,1.75
630060,4X/bXpjVNviDanf0fmY7D1psunRUH/ZDmd/cL0+K8hpSYJjrgIq0v67ekCg/u/qv,0,2591700,100.0,73.53371173686078,98.812448,1,1.75
630069,6AY0BKjTL8NBj9ieKP6XvCjBLFqiVEEHo48C5M/3Cq1D+g6YYJXSjYzFRmCLhYhJ,0,2591700,100.0,75.00946938411649,98.684834,1,1.75
631197,0wvDs3kkVZs/evdnazFt+btZ/GIpW3Yujm7SDKsej2B+v3TKmNlsrvbzyFiq1dMd,0,2591700,91.703558,53.58415239777729,71.82422,1,1.75
632032,M7+XScWEzC10/FufLfFc+HIwV+ujN5dJFNcA6Y/TDnqwze83q4DvB5eFxpaA1s/t,0,1589700,99.262985,52.3827773225138,97.066785,1,1.75
632459,+V3G0NPj4+rob6P3vG99JTMzvn9EFz3xKOU6BlKGbsd+kp1orupOLrTacwPK8eB1,0,144600,99.951243,57.379559182194605,99.33691,1,1.75
632460,+qr8DpJ2QHVGdcHMoqsBMQLuiptAWvDwuHveuTkIdHi/IdTGQLE8LB4znK/1eciQ,0,144600,99.985843,60.05120560662528,99.183812,1,1.75
632464,u80wagoUd3ase+f39RUdLSNEbd5ctLqMqNPYVI5YQ1t/YKDxKxicFFPGCy1pB3n6,0,144600,100.0,55.8178896873706,98.97448100000001,1,1.75
632466,litcWUCrB/mhweb4eMVae0DWIKeS/CKITjgVarVLTQdI2RpAJjtidBsEJmZhcc9v,0,144900,100.0,57.454391962809964,99.325518,1,1.75
632470,zZGT67SmdSf3RXsxrlxTVxXZzO5O1UeYi4E1m5+h8oQgMcLr0hKTay2vsJ+uuYgB,0,2591700,100.0,94.7065949885385,99.760234,1,1.75
633192,KPYGkZsNC7jeLpkzntp0VPiG0jTyHCSJFtA/b1eqQx9jnmO53v+0NDQNC/QHS4AI,0,2591700,99.903922,79.6789077619817,98.283636,1,1.75
633441,29N9O9f9rq/KrQR52OhmFkY0fHrjvVbE7ApCIBnNz6BbU/fqQpzgpu8ylmIGpzUH,0,1312500,100.0,97.37854713888879,99.544962,1,1.75
634830,kEVc/1mQ35U6NKxgAu00wSzhyKMg+NPYKqeuxgCAkMYtAxlUl6Mr79ZunA7LgEwa,0,2591700,98.871248,70.11288205778115,97.220926,1,1.75
634890,hZ4tEwli9uT6R/gVXqVgXuAmcDedvcCcwose3etRJuQ4ChYGmILnckpQMyPKkGK2,0,2591700,99.135377,68.87245402303527,97.91583299999999,1,1.75
637551,9LX0kfckrmtprs1+G+LDbnQD0+S31sVwa3jAJwHqI7HokkdNpsZajP+tziMVb0sK,0,2591700,100.0,99.09894732500003,99.924708,1,1.75
716011,8RHfgwloz4YTAliny2TKGw6l+KPijGT0qr8L3h0sT9vSIPsrnGH+Z9ObTuVI05G4,0,2591700,100.0,91.43227106401956,99.249092,1,1.75
716012,q/3xhC6/KrR5udy99Xsl2xmUxSJeSqyEW1IisvrSyynVKwmuB0i/4GI1EuglBU8U,0,2591700,100.0,91.72741656360702,99.259025,1,1.75
716013,nJKc8ZMIgz2geVotgBv/JXSAQZsBz/PqNGnSI/rLUIxT/jxUTY9lg7N/pxdyLJRL,0,2591700,100.0,93.6439729717564,99.178148,1,1.75
716014,/LxD/KrabxaDSsGREWhgdcnNK3LOs1GkdGJiOHyY0G7ntloYKqjYz7aRhurFPhi/,0,2591700,100.0,90.82065115813872,99.21947,1,1.75
716015,d/tI1lgQQRtZsBw+DVpJZeYszYNVeimGtnBDW+3aoKgzMMwt1rc4sPKgWF4lvwlc,0,2591700,100.0,95.17741470610036,99.25433699999999,1,1.75
716016,hRpoVliNTCwICCF0//XixROBlOc3vM+IpPkUaCz13eIKUtlM2ILkwN15/sGh4ouk,0,2591700,100.0,91.89191587348054,99.391598,1,1.75
716017,6TOUapNI0C+0FYOoo0qrHlmyoTym703lEiL8nayPsEOB7ivMlr4KSI1P3ii+Rn/3,0,2591700,100.0,91.61835008173179,99.432627,1,1.75
716018,S+yyP6KsCh8rNta/TojT3zVlLsf3cnjdbkn3puU78BurPWHpBmbO6s7AVcVlrHl9,0,2591700,100.0,94.78712825894176,99.40141899999999,1,1.75
716019,tOgq8jTcE21bntst23ucv9kcSoeg0ckMcLp5wnYozkSZO9+PlMJ1jcpz+arthm1q,0,2591700,100.0,95.35341713849027,99.282147,1,1.75
716020,fmQjm7Tsd4mfOrKODaasL5uZhGz57FToVBzHM+M8KkksvfjlOT/SYm9Ms0hgP7LZ,0,2591700,100.0,88.81392246937618,99.30965,1,1.75
721716,Og90nnXTkA61wTe4qN1HG3wPQyeySClW3gYzgdtOMIh5FmUu2dUVWYZyc1fTuiB8,0,2591700,100.0,58.47863402917375,99.091425,1,1.75
721717,ua4H6hDbeWaCQUTr2bPeNX9JeEVzO7PKxnk4S1twtKjxOY9j7bGkYlT91pkYOn6Q,0,2591700,100.0,57.140914440791796,99.25563299999999,1,1.75
722240,IKQv1lllj0cvyHfi+mkQWPgVuHI1Cnew9zjnb8q7sgI7U3EL8Pn3JwVadUeA2FhL,0,2591700,99.51531800000001,76.76948271382318,98.867892,1,1.75
722241,DD13vk6cUdQLv31SPdc2ajmYjS5T2RWaj7d3kzFg7rv+W+JThg2gOBuBiPifhzJO,0,2591700,99.588612,74.87246968072299,98.731441,1,1.75
722244,wYs41Am6Ki0w5EuHHeIeH8P9sdAEVedOondX7Ur7BqLbXvwaft3LDBdboLjFJkYK,0,2591700,100.0,80.69079169375,99.095988,1,1.75
722245,kcBjqs6ZhGabkeEipzdpNxtzHEaPsGSwaaDm10xxBHnUaqu19CnDlQsN7FO75WNb,0,2591700,99.460746,92.24238075810194,98.780234,1,1.75
722249,J8CIjnHo+ASZ6idqQOVniFoO94AkpqsS3YWr7s6N/X7ImM704U52LytsXGqSgpFu,0,2591700,99.316508,92.75085084940376,98.715939,1,1.75
722250,oDsaMBAvU52dU+9tCS4M8gsJAzttT1QC7o9OKxq8EPULAAhSBWUgT/8u7iABQZ9I,0,2591700,99.120595,90.92903647864273,97.179989,1,1.75
722251,LR4vU6Lh/ZSRE+oB/QcNDhaGNumeeCKP2al2dEFY+ZoNpNO7qAWHRKF7BONUxK7G,0,2591700,99.416848,75.74631639715243,98.557519,1,1.75
722252,AcYn+OZDVuZxXps0Z903aNdok6Ee2duR9e8H4Oph+xSLQwMXYuux848+fPfcSGkf,0,2591700,99.67791,76.97415262766194,98.911174,1,1.75
722256,q5babPQ3Zw0MqNi6u6t1m6EdwNvUMohHE7pBxQLJ2t6i2HEgMg/PJx5gcQutKQzT,0,2591700,100.0,86.12143911980556,99.73335,1,1.75
722264,JaySruMHtShvT1uBqam3FvUlf1/hyRI5xl23dBnokg+x1nfkvD9QylPmB+mxmw1C,0,2591700,100.0,97.00917448267866,99.364337,1,1.75
722287,K7LlQd4yCaL5WGVDs/1hI1i7lkGzx+YgCKmtGDPUt/f5aGs3kDKtwNrnEYs0InYB,0,2591700,100.0,97.24463802384793,99.72057099999999,1,1.75
722288,f56sSicbw+yuQE3+AHmMaHP2X3i+aPMPOndjBw/KbQqK73rhtTAf66y0WenpVocY,0,2591700,100.0,96.55884363445715,99.689561,1,1.75
722311,jU4gHofGq8FIsLMIW/YbYFp9xGtNMzq9ol2RlncP1aAw9ah9bDwgRXOfYwGXNJ6X,0,2591700,99.552275,95.95506733032423,98.899798,1,1.75
722313,8aOjW6mjfZVop6mpHQ5ZJ/obTh+tHaK8lGtsPlICXOkGneLS5xFPSmfkaC5Xw1rA,0,2591700,99.82214300000001,95.80248577002327,99.109493,1,1.75
722357,pz7SA8pkMKNC/djo58Rk/dBqklT90BjbkH+f9kdzxOjER8BqEGaFVL/uRqSXeI3h,0,2591700,99.422721,81.9021518652375,98.589329,1,1.75
722361,y1sPeJR8rk3YyRLefXfRctdzwqe696geDJMTulcVqvS/GRjZUFYlt3gSWpWtoOIu,0,2486400,99.289264,79.95034288575215,98.61739399999999,1,1.75
770977,Bpj2vP/FqG+547FhIh94DuNhrso+69DmU/HVwvd/T1KTnm4YVoIl9iudOaKgxy38,0,2591700,100.0,66.41206135856476,99.329008,1,1.75
771395,ua588brpb8Aq2NH8tFBYUYFmGvAhJqRaLYIDCT6vQUl4Khjpwh/rW/vtTWVGNJRV,0,2591700,100.0,51.35389841115858,95.626195,1,1.75
771404,K2DuW00Ug0DFW80GfHHvDmuoDkHtsU3MAUexrsEsI9oeYxmfMh0CxuOEvO2nt8Es,0,2591700,99.162761,74.0747194646044,97.911633,1,1.75
777979,rZgrVegkjuluy+PuiKVA7m6tc0UXMZjhBxecF7T2bmCwaxSw4zZynipPEU78XPFx,0,2591700,100.0,98.64932271979148,99.313305,1,1.75
780738,cmwTJzQ6oQzo2EK1xqQxWcrvUy0Spe/RgvcbAqVHU4ikulqR9sCgtIoyjgaSQUqk,0,2591700,100.0,77.11166093136606,99.441864,1,1.75
796102,mGQwKwR6h+wTyzIIhTanC/swtj8eXcL2rox9QGi6ETqkz05ec8yITNY3421WZXB3,0,7200,84.287767,53.29941732000001,82.204876,1,1.75
799909,vDCf6eHpk0E45ZeAJlo+4g4M0v2mKPafUpFazjEN0vTbeEpGdoNgkd+60chaJid+,0,2591700,100.0,58.16682794384621,99.15593,1,1.75
800699,FexPpeH6y2RugRb1X3Wm48EnwgJzS9M694cGYpDn9buGade9K6NcLga/RuterkAv,0,2591700,100.0,99.43433007930096,100.0,1,1.75
800702,XwMRBbKe8NQetXSOW7swDeRprfEXI1OqHKoOWO2yxQ4H9xUVpuKqBHfrJC1X1u8A,0,2591700,100.0,99.09139204364455,99.62646099999999,1,1.75
802564,nH0cPFv8csDANS4wDiIxnNvqsyfqC+JpNZV6FVxIV1mKBmQ9DZc90sk3CxRlYrvU,0,2591700,100.0,98.78221544826413,99.708507,1,1.75
802570,tWmGiGBvaRMpbYAt/0LgV9Iw9HhZM2YYUqSx7qavvSdWm9HG+CslAfrWe/jd7Y/p,0,2591700,100.0,99.1391043904137,100.0,1,1.75
802572,ELCxxTIywN001zdzB+pnvdnfuAw75HXUs8Er/NqiMVa6HGJUZ/55X/Px/3Zry76e,0,2591700,100.0,98.8584911194585,99.562803,1,1.75
803976,T0H64KvdVruDVoFvG4K2AuUZ9Mgc7SsdgL1c5v9U36EJ3IeiT0S74VgfwrqKHjgv,0,2591700,100.0,98.36165348205141,98.98859200000001,1,1.75
807303,GEjlQq/k9c9GSoj94LF7mJpm0AJtzoNIhqvlwdqliU0htuhOGrmOYUu+pgY5D3kL,0,2591700,100.0,98.59352101203956,99.37739599999999,1,1.75
812064,ZtPQNA8ISitkSFPPet9ZFAuLC98UA5KZoQaXZWT4V8f2P8YvQ2fCwk55yxKP2VHi,0,2100,83.83294599999999,50.47380712499999,83.83294599999999,1,1.75
813174,wF2pYIUwHi4WBrPwk7sFds5q4r1IaQqdlgEkeLAiEOxWCEzebX/4S2rZ8SJfQR3H,0,4500,84.63239300000001,50.19372824999999,84.63239300000001,1,1.75
813356,PDV9Zfu6SrqkVXNlzHnVo2BBH/BKceUPm58ZaBwR7ymH3aVvhe7IOY/JLqBEwvMS,0,82200,98.763438,50.813959316363686,84.561269,1,1.75
817395,a+U16MUsm8CPZ0rVI6ml6KR9mcXc5IEDhRAn8LvGFbmXUwqNnnNkNyDPv/q4Bi7D,0,2591700,100.0,71.76672929694364,99.59105,1,1.75
821842,ecUudFijvFHjTvHNEteNAHKqITjNsAIbAfhFJYuspyf4Q/0Qr64tSFHQqhsqT00c,0,2591700,100.0,98.67973460706028,99.410292,1,1.75
821843,jBr3CNVEz4GEsEwHYB90ciCIwxgKDGWpBHU8pn+YBWBkJQbn6jZ85qE31airYNqs,0,2591700,100.0,98.50567191238457,99.47446500000001,1,1.75
822089,kVw19zkCgTrud7L3/RjJY0JCJoxvQD9UzqqhiVuTAC5gsRRWMaR04qltR//Uwtzz,0,2591700,100.0,98.42183241872324,99.321826,1,1.75
822233,Vrz0xTztUVD9nv43wAMkAHastmdyXBECcGlHLJXwn1AbfaXAuFPgSJXH4eNZKRBc,0,2591700,100.0,98.36243694270814,99.367464,1,1.75
822416,x65RIsfpY7i4L7KKzAjbE7djIQf5668bhPtnIE9/g/avmKXyLANpiM1PJ5bo+6eX,0,2591700,100.0,50.616142855538904,99.33197,1,1.75
831374,HwMF8+bzojaGKAZ/EAtqFOq20TPQWPHR84M4GfcoGpuE6nxqkzYiW8lVrOwf6eob,0,2591700,99.36035,86.8288624089905,98.89354499999999,1,1.75
831489,HMoH+GEospW4eUBH7gnjB85JbU7VOfVkiqLnv/vA5SWFo0KeqcWMJPy6XaBUc1ia,0,2591700,100.0,98.50297313611124,99.544054,1,1.75
833408,axViucFAH5blcrfN5Ub7lNuX2Cex45jrVHqQrbR45vc2Tio+U405OKzwAt6etfjk,0,828300,99.276134,52.607702895365655,98.376175,1,1.75
833409,2EVIyv/YQzZSsqxS7jsQvhcXe2Dtg4e048Wm74jG1slapG/Up3pwnUrwPBQf54EX,0,828300,98.92121800000001,51.58700559145245,96.817669,1,1.75
833410,M53CQaG/7F+QdyAQmAo8yA603IIHZQ4Tigyuie33tP3zi/RRXgMPrFrJCn160FXw,0,828300,99.22055,51.824306204273746,98.053415,1,1.75
833454,ora3hm//MZJTs29OUlJgJqXV6b7jti3NprZ9IqauylSphZB9kz7SqFTUapUBqVRT,0,2591700,100.0,82.61944298099888,99.301286,1,1.75
860039,4jLAkTqRtbLlOPB7Fq7KZ0MKjXIHvtQdw3KwH/EQgKkZczb7XlQ+oYbpEaoPfaX4,0,2591700,100.0,77.42219358260976,99.397568,1,1.75
865050,FL7vgaqk7RUIYqklc5FDv8jqyu64b35OjPcJO938MNbBK4q/OlAL5BRSn247bfZe,0,2591700,99.540465,74.68519747723315,98.458952,1,1.75
865092,OYfkofseaiHhZKrh7BJhxQL3nz9gvFgpb95YXMSopUoeiLFR3lJP7DLn8Kqe/D5k,0,2591700,100.0,95.36548604410223,99.377121,1,1.75
871478,1I80dTjM7LmH4c4bz2jbMKSfIApNFQr99R4/8/77azsBLYXqBepyRdzpRWOLgJV/,0,2591700,99.178335,57.853917222158096,97.942076,1,1.75
871479,LQxOZp+w4bu+xz9eKN+SYl4Tu33IM2yI97nbq6rm0Q0xZ1db51bhxmnQ31mk5g7V,0,2591700,100.0,53.60811863722646,99.233777,1,1.75
871482,EZsKNyn4LN2nRMqif7sEfw1nnF0sZ0FYoxGbfGARsHnowfuS40qHMiQUM80mrxPE,0,2591700,100.0,68.79998415744393,99.375555,1,1.75
871625,L82kdOhpzUClcuNIOgsxc73LypwyLPS9mpPs5zikPJLb9tO9L1AabSfuOFV0Fb5V,0,2591700,100.0,72.9375007919901,99.599949,1,1.75
872507,T15H2Gzky6j2UqTqQlfCQKcYOdByd8DHPi0sW5qbxuLpujJrQP2d74oStzC+Uo/n,0,1500,85.116982,56.72745600000001,85.116982,1,1.75
874429,7CmgeTXQgSCqLawLaqKISwHqHSWecCjR5Rdww59IoB4AIkpcxvX4+FC6fVzqKxXB,0,9900,90.822422,52.67706435294117,85.039139,1,1.75
875036,51qCzJ9N6/NxCaWZcfvR8AlgMgue2gfRAeciFb2YWwbH1OIzuf7RRtbQlFU8apwm,0,82200,97.996092,51.95067781090912,83.923337,1,1.75
876419,eYGtpA0qNgMZUak+rt/YNpdp506Z1sm6cwS+jESCONaW/YtpTQvo2fYc//tOGB+a,0,84600,97.900795,50.685222742049525,83.832523,1,1.75
876558,cGlg0IJWgmUCQDuGDwNZVv5soHPqZYpn4CnXCIXHBZWmmWzYTGdLqOx4qI9UUONo,0,78900,93.82450899999999,50.14897753787881,83.207656,1,1.75
890120,fKR4ph/2AR3bDvFeTBDREPkciQpJU60YVYC9KoQC8kZpZk3xtqhKjOolpAH1wIIr,0,2591700,98.518703,86.89008500543942,97.286953,1,1.75
890137,288J2mhhAWkLZOopTZxoEjnQSSn7Rgmwm5/r2KOPpxGX4C5ASf++0A3gxrwUHSRH,0,2591700,100.0,72.1719564841433,99.331575,1,1.75
890140,UfGNpreBQHiJ5g9tCRZXh2laRBPUsgi+gwxnBXh/ie75G08b0wZs+D9S8M3p7na4,0,2591700,98.23635300000001,91.61886180775457,96.579432,1,1.75
890143,srMSZ/b/ElksBHeWsWhUZcUJQGil8gA8ZHpS9uWzmJ6VAstGEapG0oRkdUsxyOw2,0,2591700,98.957817,74.87665903519309,97.39755699999999,1,1.75
892786,aywxXerCl6GKK/s60ak+rgtKZPiBY1/2zBK7VEfX164u6tTGsmvRZu7uRaBZsYvl,0,2591700,98.98893699999999,89.3351046259264,93.480977,1,1.75
906420,sHZzX+0qoaCx69RRLf1lUa0KAVXdXpCcT1JknP6kvEIK6NcjWnrYjCGtqO3MkwFo,0,2591700,100.0,87.46249384041687,99.276969,1,1.75
944048,7llL0xSqOkW9WejGKcRw9ygw3v2+2sgUCON4TPYk839SAMzJZqkBX60z1GgqiaRU,0,2549400,100.0,99.31793972961492,99.73075,1,1.75
945147,Q/49ZWKxTnuaNEfj6dj84oyCA/ZMy9J2MQNCr0wUq9YoEOnyPdRJHymK9nx+NF3v,0,2591700,100.0,65.01793684292153,99.42123000000001,1,1.75
945158,eLXNbN4vFSnvnPIBRNnZuHPT4YxrCfogddoyxscmkOMzNrd7ZaiQWQRRwBznTm5X,0,2591700,100.0,69.03137510707246,99.146608,1,1.75
950369,sDeWs5fI/52d1hnHdbF2noi22Evm0KPA1GEviLk8M/YxvVy9WtMbI+CZXUPgT/QA,0,2591700,100.0,65.28545913230673,98.682425,1,1.75
950370,EzbhtEQEkF+MKwU5z/2O6ZRs2S8dnh3YLflY78hDqRGLXfIuzrZcpx45Z2+7djso,0,2591700,100.0,63.92605375054993,98.472022,1,1.75
951208,dDm3Q01ZOqfv4EBmmU0fCvyXSF8RUwC7sdR7D6gn+THETqzth6TuJtKIGqwF9ll0,0,2591700,75.79729300000001,56.6406893912036,58.245957,1,1.75
951361,ZmsUDtwmc97UiCBqxYFpY3lM/TdLqdzOlPwvI75FHNFK9YpvAEdCt25sybfdCPVI,0,2591700,99.092557,57.440725864451935,97.784515,1,1.75
951556,GkRwkML2KAMprENqN6LJnNPb9cLqsSk0gU8LSRieLoLNW2/8i3RtpSuObN+S1gCz,0,2591700,100.0,98.64253537339344,99.393282,1,1.75
952107,4uftHsizydyycln0SsDoCO3l1pbtSR3vUtVlNZfXq4XgP5aNvDX9P3Zrb9lpnxVH,0,1674300,100.0,99.25015504731181,100.0,1,1.75
952108,slpa4agufVN+u6I7jOxNCuHJA30OSFuJnnXu2CmiHpZ+KAcMiOjNNzV+3Ou4uWCp,0,1674300,100.0,64.2953922035843,98.343451,1,1.75
980511,vgjqhyCVeohTDUP4qaOSAQQVswHbqevhJ4DWt71jFZ0HJZB6nKW59E3sDLI0bk+d,0,1360200,98.602713,69.21353719117954,97.65685,1,1.75
980515,abCiE+cDNlLJiGZ15ouophJoQRIxM5+1tgVaM5GOw9XLTdUypWAdkQKPRrIZbPoj,0,1360200,98.80191500000001,68.455571469784,97.296763,1,1.75
980518,FkK388xjFSPxrl+Qp+kUGWDz61h1t4pfIHYrNkH7GJIoXqlbShvpWSlkjostnYdn,0,1360200,99.658851,68.85512729913978,97.433498,1,1.75
1015473,f+jQTEG66vap6mDzZwENAFWuaEZm498+9efPmdXjoj3mlBOg9gau/eYQFWSlA/Hl,0,2591700,100.0,90.65782418356476,99.73123000000001,1,1.75
1015703,961hGPNentPBOwRA0lN8ictclDSuelhgIUmV64HRV3Zj7ud6Z0fp5F4tW/mK1M94,0,2591700,100.0,87.10994673807896,99.536822,1,1.75
1016184,5EPB+a580GkW5tHLb//ZX0DtjfBpRwz7/Iq3vAlwxSHn2IRy1wGtl27qm1gsIpFe,0,2591700,100.0,71.41826684351857,99.24076600000001,1,1.75
1017127,3STsiJbB/ijqMZwK8F8CZYqnUvc8C7zUYMnQxRVlSGRRgcDN+TJjye8cRzCBhihu,0,2591700,99.462337,97.32871756041678,98.799664,1,1.75
1017684,ZBq/HWUkH8f8Sn5vmogjClDeSmrQwUxtFdx+K0KLpUXZSnVOZ8/QGaqlEq6DnBXg,0,2591700,100.0,72.51810728680584,98.790186,1,1.75
1017788,h1icih5xqrpjNbMpDqwkGCEb5GhSljl6h2DGDuruMWjFvnjxHyX65kwcP4vR/zYq,0,2591700,100.0,63.968391314331996,99.067121,1,1.75
1019464,ogyXBAk0A+LXZjYaG/i52xQpBMrt+0T3h4rhXpMytIawQqIFsuYx2cA0NYF3KJHn,0,184500,99.766634,60.786327051948064,93.83574300000001,1,1.75
1020273,3jjcjuduMYNMM2TTxarXB40Sd4StP5fKtp8abXXwByTrPsz674dFMS95EaUCUQqk,0,2591700,100.0,84.25642975393525,99.148077,1,1.75
1020275,Ho1RnyaJhvYPmAVZph5opqmVmNzcdaK2Gq41QxNu46ZROSfzUrVlJ7cHsNxS3EfC,0,2591700,100.0,56.79518909885413,99.035975,1,1.75
1020277,3QSFM8uVlMi2+SM1ijffSo9HMgwK21Z4YGjzZm8wDznMadERaikuYmTFjuKVlgIv,0,2591700,100.0,60.47306806374074,99.266653,1,1.75
1020281,pkSn2+rmIkY/R+8VFvAAP4BZ24pEsw5JoNiEEmF3N743CKsfrIeCT7DHEpRMwP7s,0,2591700,100.0,77.82468115248365,99.152495,1,1.75
1020285,8wucxx4QMv5wPkd3Ren+Cu+xP/ZRJDeJOvxcn9ib3+80v1sRxQvbEvg589oNweUp,0,2591700,98.909203,78.27658200266269,96.15385500000001,1,1.75
1020291,nQH1WVjE6lqzuJTP6SMrbeSpdLy5geD5J0A98KR44494iTU2D0wWDnZxyr32QSFW,0,2591700,100.0,61.46238497684658,99.390455,1,1.75
1020294,mrIm/42ViAVucpU+1jKLLdxFcTbP1yxCAZVOxLroWYAdp8y+koLC7qLbtOPipdru,0,1715700,100.0,58.80218921787692,99.18208100000001,1,1.75
1021570,3fjnk+D3AE9sB/rZzXRFdX2lrNV5Dk7TGQT1cDAtK6cCCVHQ2brQPiXHvv0gBlXF,0,2591700,99.370139,70.2708824870371,79.819362,1,1.75
1021576,TrrdRHvVyNP1Ylc9feYq0JCv5sPOQmr03sB1zmaq6tl8q0M+AcaqdksKYiHnsS2L,0,2591700,99.428442,66.94604577159073,76.894863,1,1.75
1021577,3YuUoi390Bz9Be81GAyUs+h5W6AaiLya+m1B8rYB0pHuoZAeKTBN4H33DfsVyDPW,0,2591700,99.62678199999999,67.54859445895559,78.278142,1,1.75
1021578,V791VMzwpVznsGnHKHvgu04UAUsVIm/VJtDAXd8GmhLVyNtESEskf0+35jgfgx2h,0,1890000,99.36989100000001,72.78540068999978,81.585871,1,1.75
1021581,0CgO9oqBs5/K2x2cKMERbKQyx+hSS2jd9Hjo0nGvd4MNp658qPoGbW3PXrHbLtRt,0,2591700,99.370828,68.82579577569399,78.824389,1,1.75
1021582,NTiscqT+3aS83GEmG8YHl5MajgmxODVGj4e4fW4S2ac9n/I3ZqTdtfkK1ahAhMXp,0,2591700,99.365201,68.87051559428217,79.56795799999999,1,1.75
1021583,V1XDrV/MThXCVp29qntqmqC3pFRmazrVEADIPInwSiRiNUX8r9oHwK5Q3waEUzJu,0,2591700,99.19399399999999,69.28717562016668,79.981755,1,1.75
1021585,gKhhjjaiKmG7a9MTtqlrQNklNQdaRKf8qu17IzYAMM3pEOfg1/ntukp0IXT9HxN8,0,2591700,99.25478100000001,69.31398540224595,78.474048,1,1.75
1021607,oSaacdXOokMZYFiXCuCEUeOdtJpk4oevoElMiseV3H3EPaAJQ4LXzsLNrsJihaOV,0,2591700,99.464093,65.05807250127347,76.94532099999999,1,1.75
1021614,Zi3uHldZbXbPkMMWNFXyKjyKcbDrN50tDrmmjuRhBiK/p/jWxhELCfQdYIOYpoVU,0,2591700,99.759866,64.5874209615565,77.896731,1,1.75
1021632,pB0bARabR9wknJS+eVUa1SpUEIT0O4bB43MZDQRgzrfch14GMBnD7NNm1AxnVT9m,0,2591700,100.0,72.9180422014138,99.28432099999999,1,1.75
1023956,C6GUUemDU4kyTfut7nyZaCHelk9305slgb3A7Utet02JBstwEEMXqZ0hwf5UrXmQ,0,2591700,99.559017,59.22383376967608,98.658637,1,1.75
1024067,XntSjCY6YbMcNZO5FNShRarHwDPiuEM1E2W/5TWAT9Y62KdKMwfiiNibeb5SpMpC,0,2591700,99.26024,50.67339249097202,98.343319,1,1.75
1024211,s/5LySOBSJiA8qCeLR8Tdtc6Npu2UDAtLa/cpAlP/Brh6bT0TQ/X8sSmML8hkYEd,0,2591700,99.399226,66.55156391612593,98.477293,1,1.75
1026533,oFFkU2rmRogulKVzx1w7A3BcvvBWsR71l0Zi+KIgyWEukTO3lxXT1gcOxW/n8FPf,0,2591700,100.0,98.76272991689852,99.52557,1,1.75
1027292,LgJLnZp2u0UF5nMkrNOSZHmpxx16HMer9TiCQYmN4FNBtnQnMUHtF5CP8naWIRxN,0,2591700,99.70819399999999,92.18422579548636,97.815389,1,1.75
1027293,kNBOQ5ebRosVxxa+W6ajzRBHwBMwRY62xo3wCBQObCeCEuKERU3xas58fiuOTXO4,0,2591700,98.967271,85.18128103808806,95.231868,1,1.75
1034853,CEAij0B7iAFBdPF5XJ1S0MbQwRhsQfN3+P46v4V/XNCACCP7NYZeY45htbuouuI0,0,2591700,98.910071,93.58424295705058,97.75867,1,1.75
1034856,7FVHVfqT+iq+VTP6UzOuXwG92zEqpdSO/MnPXdn2RHe+bqooclWxEIb8qJ/yRmBd,0,2591700,98.515937,90.76350719837991,96.91192099999999,1,1.75
1034857,pdwoOUFJCOzf0zRQA22taehDCm6IKEjaNg4uEHQZ+96OeK6EuV8tXESw9iRLh/pZ,0,2591700,98.772636,94.08269683642466,97.29729300000001,1,1.75
1034858,Q3kPLJ000cYKi/7yOFzFFvHOXxJYgg6nQNbYQKtOdiNOkb/xRGo43GQvAacgMXgq,0,2591700,98.937053,92.00087741433208,97.255325,1,1.75
1034859,eB6w0Xem5ZqHdncismMcmb1OycuzFLzUktQ//wn+fZNjWdM3blYfBfiPAeuPRIi6,0,2070300,98.217623,91.59354769004445,95.418312,1,1.75
1034860,T9M/i2enxXcijaOu/LcysD/uJkmBwvGdmx6d/Y2GA1pzcIUod4ezac+Q/kjSbSXq,0,2591700,98.685918,93.50815892661227,97.184127,1,1.75
1034861,aUGMCoHM9mQDn03YdK+TegUIJdKE/Pd+1XJijJ/Qe+pdCCb64A31EujKIwNbgrcg,0,2591700,98.994563,93.51082465933563,98.139882,1,1.75
1034862,Hq5/UaZ3tsXGU+stGDlAxtwBjGf2ySFQijjVY5M3bFLsTsKjWsH050PIeVzJtVVl,0,2591700,98.522551,89.7097187742795,96.49974,1,1.75
1034864,Dig5UEaw2WWG8lYho3eCHX9yTU3VVlHIEeNmTWH2u7q/lZ70KE0p0ZhjW96wUlij,0,2591700,98.949595,95.74935160833351,98.587471,1,1.75
1034865,UvuI1agxrmtuVwD8nV2L26K4NMnMp8AngH0osXilQRA5w+LJkJP5o/zA53zJhXzh,0,2591700,98.77839399999999,92.51225456997228,97.741901,1,1.75
1034866,Joi+WNQakPtjZgg4Dx9olSFySkcnGUDfEy7RLKsy9la1VpA3UGIrR1gpLnoEfI0U,0,2591700,98.820741,94.46872878935163,97.83993199999999,1,1.75
1034867,r+uCTV1G2xJUEKyltoOzcnMkxrqHna63OsufnlcVyIsv6Qa5tmPPZp4yvx6CDXe+,0,2591700,98.986565,91.80382674618076,97.545641,1,1.75
1034868,DCz1OEM3Qn+emzt0SPYXFE1ncewWssFqGNz7lIc+lZfsbBcncEBDDYXMwVMbaY8h,0,2591700,99.026597,92.60025227768801,97.411055,1,1.75
1034869,vx590Up4xnInvrJ2g57R96YvC7HO7Qpr7iwIqcIe+xobRmiUMpK+hsd3kACIt0Lx,0,2591700,96.522856,90.64412124074033,94.146408,1,1.75
1034870,r6G97gqXW1BdavsvpX6dg9SRfDQI3vBdYK1HVZMFB4i41+C+Y0Ia2QIq6/O17ojX,0,2591700,98.89234599999999,90.95025685358802,97.385132,1,1.75
1034871,0yPoj+DQOmXizlpkfq2grRyijAftnGNSAgp5WwCp+OgoC2qVsfGjMTdu+QdY+cFr,0,2591700,98.931709,95.50909739155102,98.407159,1,1.75
1034872,ZvuOcFsp+yosZohqluitDFtKfOiN5CcO7oOMcTPiub27FV6VuAegzFeKQEf47ZWz,0,2591700,98.879997,93.71563244854714,97.030462,1,1.75
1034873,L+CupvTTJ4Tm4B2Xo0xZ+Vv/MqFzD7HLmavqg+oKD61zRG6gOAPeydWvyha8t6CQ,0,2591700,98.657111,91.81874717083332,96.525654,1,1.75
1034874,iJiQNch9cVj+pVbct6v9vbd18kC9AONMvucYR6lIXssau3+ZP/cJU0eD4uPcn79F,0,2591700,98.863535,94.64306291122642,97.691743,1,1.75
1035025,B3YZRH28xpo8lwQMsHXWLfEtzJw8G7wxlUMUzUCCrckedgeAk/5oqUFJfOTzeMFu,0,2591700,99.071821,94.69209906968369,98.258215,1,1.75
1035026,Igw8JhmO+vRuW66ZyVIG1sJCiZ6bjmxft9CI63iK9EncIzfzKhaOKLIjrIXwmzqr,0,2591700,98.556921,87.50111474719286,95.445987,1,1.75
1035027,vaFqrDBPuwsRNa/fvQvlChNxdt7bzSvHtXfIIioBBXmVJsWizi/aILEoT1WDIYrk,0,2591700,98.764925,93.55463972013891,97.265512,1,1.75
1035028,uaWo6wsEOtSwX97gV2C0Vwp6wFZ3Dh3N9aEslCaKkrLDQlLWwvsJ2mz6PPzFIdDC,0,2591700,98.63082299999999,91.50958627954157,96.87513100000001,1,1.75
1035029,zkpaiWb5vWUtMeq8Mu1t7h1veUbNVLFlaiaSqwq7RzrOUSiz+yAiIJfSS5hzCA/q,0,2591700,98.950676,95.25321063935165,98.134563,1,1.75
1035030,9Nr55Ed0Vgan8DwucqYYmnSlIIDAo/w9jqxje+3VlZx1/jaiSmZqDY1oE0q2/Msi,0,2591700,98.612143,91.3569327161706,96.505971,1,1.75
1035031,CKjSa0XWBzpIklEF5XmvKK3mEvt6qASBKzgV67EG3PvPuSGadXMo7Phtn7JuD8Rb,0,2591700,98.719587,94.3729556613425,97.827026,1,1.75
1035032,IDL08G3EYxRLf1Z3hZeQYCRUwBqa6QFKLJ8jVJ4VDjKHo7FqXB5jdd8yCQ/mBiNN,0,2591700,98.611956,93.07756944056057,97.27315,1,1.75
1035033,t811Gxgbal83QLHKWVbfNx50flaf4XwrH/1Oea09qWXmwZUMMQH4KpsmxgMRcoUX,0,2591700,98.622447,91.32479725937507,96.427533,1,1.75
1035034,c/O/ioZzPC3QBkIAwYqZmrP7YLo/bYmvjDEyIRlkaLwCIY65u7DZjfmzVQTxR1ho,0,2591700,98.548137,91.27463138256748,97.092691,1,1.75
1035035,u0SZtqgFqqYox4XhabNnECCCDTmq28YyeTlxt2NX0WbUnpr47/UFrF6axbRq1HdV,0,2591700,99.073729,93.74013943761541,97.632902,1,1.75
1035036,HPUmjdw+iGwtsQinE4MxbRFonvnrmoeQ6myCyHoK/tV00yWjIN+OAxH95BV6rWus,0,2591700,99.005646,94.40395927974492,98.049583,1,1.75
1035037,zS40AZCTWXkthRhgjLe1Bu/y6jgyDC1j3dmuWvjEGNEP6wZ2jCSY3H8AekmDuAaZ,0,2591700,98.600883,94.54684553087691,97.66402099999999,1,1.75
1035038,Yuako055iA+LroTKUeud3WuwB3hHxRCbf42rllZ6PburcXiYdachyhBk3RMMhJmI,0,2591700,98.895648,94.64096514918964,98.218115,1,1.75
1035039,Fw7zvMsRfbai9xggx4yOQVz5YlyDQc1Cnz1X+CfLpNl38M/2kXXNgrSkwvtWQqco,0,2591700,99.037474,95.30166418136558,98.394638,1,1.75
1035040,m/Mb0jzqftGDrv/Ks9IXLMXW4s5LiLWXQ9iAbpOoSNrYW1p1v5xdD+PYWVHQBy5q,0,2591700,99.077437,95.17703557569445,98.33402099999999,1,1.75
1035041,zZ2TtzLHSsQloY+LtHxbyxjhTT8lKshx3OYG65zBstU7nkEBAVCaazF8PjfDVMoi,0,2591700,98.887923,94.1637095559029,98.277406,1,1.75
1035042,cyiK2pRv5axPAxUP7CLu7vadNCY9JHm6OiDMRJL8ldROWXzf+A4l6bskPinwZCeQ,0,2591700,98.930991,95.29725003761551,98.15816099999999,1,1.75
1035043,zVFrIU5+nNyCpHUpla6QyTJH+6abCv813LEqWFGtoOArmZM6D1kG8f7sIWsrYAj0,0,2591700,98.577291,92.29601448373249,96.91619399999999,1,1.75
1035044,q4octQEV45zqGWZ6JDN4pwwTo9LOerZ2dcs2dDeCKm5fh8jSRU67JtTkHa6uSgjX,0,2591700,98.743078,92.30338501377331,97.69637,1,1.75
1035126,WsOWJMa64hTDb/b12i9RE+L9QchbAC+q+p8/KVg92vU4iLXGGYzeG+Jub0nejaVo,0,2591700,98.468479,92.84552263009294,97.11455600000001,1,1.75
1035127,4GAsIkklnjUeYRT3SIcTMJXS/bxquEkXXwqMJ+KYg/3Yzr7Qri/xVda6cno0RGoL,0,2591700,98.73236999999999,94.83985087440563,98.08524200000001,1,1.75
1035129,OG0ErPUqvfTDyIHvi3uzvv2ZySheRlaOgKFOWJ+c6mJThZO4YU6ssyNOt+pO2hKW,0,2591700,98.742297,92.45492032118072,97.508613,1,1.75
1035130,vL7ht96yLP2cXXgacsS0ylSmuupvkGHywXgRiZwIilnIHbl5+7f4lIrvlH/UpqIK,0,2591700,98.83169699999999,95.37367651770866,98.258206,1,1.75
1035132,OlijrPxEufVhRaugxgikKWe5o9EDYU1rEDUcxnMAmv+FfEtT/JOmO27+xrMsONUl,0,2591700,98.72500600000001,93.91112371446744,97.80563199999999,1,1.75
1035134,DJYF8o+WrtTVnYLNkBKgBXH9+mRqWBhmAFqtgPZMDgg3B0XXjvvvloACpTcGYUdG,0,2591700,98.70404599999999,94.18101732523093,97.636899,1,1.75
1035135,DMjHTkywMozhwbBqVby1/HCUHctGomj91Rw7PJb1psjDosrxxuEq5Aeoqfz2obQ7,0,2591700,98.829821,92.64034370138909,97.147391,1,1.75
1035136,+bNzpAebdBO7jad1y5jo9PW2qo0+4wsaZ6GJLSLYW+8tfUFlU0egBjkxmDPPgp6W,0,2591700,98.67320600000001,94.04172191549972,97.760056,1,1.75
1035137,IkvBxEZ3druEob7l+M16MiJP7Zsp4iFTF9wz9bSUH59QAWH2zNvZiOIGb7EXWfFR,0,2591700,98.773168,94.4883393209491,97.861896,1,1.75
1035138,6HB5ryx/ahLrQ2fZgavouK3EoLuPaS1fObWoA99dNrq9Xv0HKIliWTH516f2HK6i,0,2591700,98.63919200000001,92.1675288981482,97.04945500000001,1,1.75
1035139,o7QxldV/C70VY9RO0sqkQtdoHlt2saq8fxu9bkyoEqybJLYT+iKp/m+7w7PvWLTa,0,2591700,98.588861,92.22622621090387,96.525927,1,1.75
1035140,cXiFYFKbmclonaOaZaIbYYVf9GR5acN8bAbQON2sXDzMZJ+YgpqV0rkSSorq5jDM,0,2591700,98.78492299999999,93.95171989156609,97.74215699999999,1,1.75
1035141,FqeMDy+Q1ISjZWSnCobEI657FQg0OoFn00N0k/HlIsZALDQ3j4OueO4e6xCpYwb3,0,2591700,98.78273,94.25495789398136,98.003642,1,1.75
1035142,zR4fqFj6KVK6+wc6cPFkwY7S7AjaPSPO+Eg4Y39KemOZ96bKY7gyrhF3dZ+iqiRw,0,2591700,98.840601,93.29194052621845,97.832256,1,1.75
1035143,ci3V7BLWQYL45sqpmJrga+dW1UUwAs+2etDkNexNn3u+JugJxGHqMazzD0OQt8/o,0,2591700,98.65626,94.30172601840295,97.788767,1,1.75
1035145,0v/4XbWgwyB/oRq6mriPA5uAJ9CsskaDj54xwW7CJaRYtU26oK9IHFk6m8S1YJw3,0,2591700,98.626365,92.85146674858231,97.053303,1,1.75
1035247,kzg9ndXoA3BK6TKcLS8LK6mG0Uo4Kc6dRY50AOgIWKWB46yQiNYtsZyH+ITxllpF,0,2591700,98.65849200000001,90.95974231458305,96.727784,1,1.75
1035248,/7mFRzL2RPE6ptXWR3+Vx93DmgbpZNpG2JMoXZXL0FOq97htucLbDaGAMTU4CGhm,0,2591700,98.55344699999999,93.69151587404518,97.235635,1,1.75
1035249,7c6DWdc1Kblhqnqp+RxhlnBkbDYHHtP/Bot1psoWkrwsFfHYFj+nTOrFw+CkMjMC,0,2591700,98.851646,94.46612159710615,97.31595899999999,1,1.75
1035250,cq3IfS9PsI8kARcLtv0me2TOEHFblKpSfNCIF4k/R/BF2qAuYa5Q1EQjYpEMnaa2,0,2591700,98.87444599999999,93.33668451527781,98.168591,1,1.75
1035251,vn25l8bi8v6bpwZ7YvDgSmkAPSRAhlymaNU7eDYe9bC2ZY2cx7wo4YtH4jNlEhYX,0,2591700,98.688177,92.5191427474536,96.772231,1,1.75
1035252,34Psqx/YKpQaRo8gh4r27KovsyKU2x8SaMWaocmyWW1etgvc+xGKYu13RuP3zsZ8,0,2591700,98.858358,92.96826672314847,97.007713,1,1.75
1035253,4LFtZDWPjtSWmwerM2MIhyK6ZMtDHXYrwbeDIN+2s4vzQSFFAzIg68YXZCubc/MY,0,2591700,98.623531,93.5648553599952,97.327547,1,1.75
1035254,XKj7pCYkkSSIXiLMCUCqw0tDwemZAtkw7sEobDctBHT2pqP1nIDfLoFQaWdMU/m7,0,2591700,98.71336600000001,91.99640267569427,96.895452,1,1.75
1035255,ov//SZdJ1bpcRbCdhq1qmiJMNyxHbHHtsCgFepxC2qA9ziH6yW2/JYA4tnXGEdVI,0,2591700,98.585583,93.48970666805536,97.346456,1,1.75
1035256,cR0SWp/OSmGVRtwCUFoUl84FMD/Ik4XincInWHlFdSSZONH8oYTBHF1Pb6y8rk5A,0,2591700,98.46695799999999,90.29447805555508,96.28508599999999,1,1.75
1035258,BmrUANeGqhPXFy9pOfE/KJjbFPOfJ4JN4uUSR7vIwCrQKVRLB4PKiEABYKEyIRO6,0,2591700,99.03181,93.3278684422456,97.94712,1,1.75
1035259,GV1LjxNVWPjjWeRttFCZZErKRqsupGOuDVwnyjlUcit00x5Kw6DfZ6Dcjf3sx2CH,0,2591700,98.71013,89.81569548170867,96.087548,1,1.75
1035260,rjjbjiKW7j/Co48/h3KSUAguFX/sRN4bYMxivqLubkXKZ7wltCGTuJbQ8qSQQ15S,0,2591700,98.697937,91.53041576874952,97.226661,1,1.75
1035261,kcA09j5WTGA0YCT5Hy5Uxu+W+E6Dg2/JWeHPPInGj3LQjzUMsFYcDN9YuNrqd79Z,0,2591700,98.915032,94.80719310001136,97.868476,1,1.75
1035262,3zNdETJZoKsE9DQssOtopziiyLqC/Kzzpion0/6to80DJlCTdl7o/5qNei+CggN2,0,2591700,98.325404,92.0870820847222,96.445358,1,1.75
1035263,tNGFNw7Y2nkFYmD8XSZD7tlwW8tTEHupBbNgpxOV3bTZMum/V0CLjf9Ypy2HtepG,0,2591700,98.852292,95.15881564062548,98.255996,1,1.75
1035264,nmEDPIQAJIURsLT1bdOLdcURAJc8aBYmVB1mybwIV98d/kyKDQDgd29k4bRgngG6,0,2591700,98.088931,91.00261914064093,95.773896,1,1.75
1035266,2mYcGgM9ZEYOfrMlCsfZc+4GvI8y4mN0y4F1oxF2jVVHI7CEyKe+eY0GRcu+GOG5,0,2591700,98.921203,90.8929714836803,96.492588,1,1.75
1038494,ghNgJa+4UcV0feAtktrAVGqAacdKG4P/m7lIgddsHexDlcRL+LFi+df32KRantUG,0,2591700,99.700051,77.46441088993191,98.93784699999999,1,1.75
1040991,VpwFkW7dmjb6+LzIs/vn8okrLOwsqlm+Wc0bvcgdi4/xAoIWE99akrU8uio2eu92,0,2591700,100.0,98.71858649045043,99.743776,1,1.75
1055424,Z3ryU6swyL6pU4CwNNv+T9a6aJdaDsZRfQeCp5MBrPmBv9B1quYlpniwysI4VsdO,0,2591700,99.226476,56.836961169560155,98.221645,1,1.75
1055426,J/thrKob2nW3d52sAk+//Ry5DsKeJiBx1cfUpqQNSnPPHdrAc1IuxJ8a32EpzN1p,0,2591700,99.346847,61.92223956168994,98.641927,1,1.75
1055427,t9H+F48jwUU3XqwmMarYhbPyn8lAVLyeGKpom7Ty2MWjXX+ACG1G2kdqJd6L2oyL,0,2591700,99.152493,56.753770299456065,97.92916600000001,1,1.75
1055428,MFmKpWtONRhFn63YT7Q0VfxNl37pe9l9UTyCGGrDpGP7kyB31P24WeZ1U1yLykMM,0,2591700,98.90975999999999,56.60324602025695,97.66633,1,1.75
1071772,U0gU64YPxN3n7Rt5CSvo53dzZJBGMqxG1WGHAvr++ny+I5dnkJi9OPHBE7puWiqX,0,2591700,100.0,96.26385814513873,99.68788599999999,1,1.75
1071775,5GVEYEnc6slyzI10Glcs6bSt6pfLH39yWULUT8kr+WxB1/e2NGHmJKvmY+oBcH+2,0,2591700,100.0,57.95616202628247,99.39865400000001,1,1.75
1078941,bzNsskJp0Hyh7SVwbppkKC2mzCnenvSomTc7X0UVsvOmVqQMMFdPbxtA6+T2CTsg,0,1360200,100.0,95.94281885953708,97.415329,1,1.75
1078958,1DjN0XKwQAI6ad0U5ydl2+vt1HjLqdzMLEcK1SpmbMX640pMhMc7mkdXVvIg++0P,0,1360500,98.716695,93.4996802491732,97.567171,1,1.75
1078963,GMBSovFxt82YZoBrlomik3ylR86d9ViRcBgVuXRP1FG5B1FZNsior9P2/iEBF5H/,0,1360500,99.350166,96.49710898610813,97.509792,1,1.75
1110980,uO3FyOdblWE5P5cDs4dw/tr2/PJRrLFqQAI4Xge/H8ZG1WrIPxNQknvFbOYXIxnI,0,2591700,100.0,98.81014769655859,99.68401,1,1.75
1110981,EAcSEK4DQzWLa7zlsorrnL4h6M+5DCu5c6RjYGSmSOikxJk5Nff/m0fXOycfGUKb,0,2591700,100.0,53.219953181481216,99.208525,1,1.75
1117429,dDoIJbECgjO074P/GWnX7Ew1rgqEA3eS7qnu3XMgJI+otkxSyyKlKNDk/DRetIpU,0,207300,100.0,64.23378739884393,99.134013,1,1.75
1120624,TRvXENmRijGsyEO59S/gQUFMLF5+OTVTsE+iD6wFC6sU1ui4fXts4KdoNHSfIaxe,0,2591700,100.0,98.6813628912038,99.353192,1,1.75
1222601,YFZ2vAr+Ur4hVfEAzSjAhErQyd9SFxorLohy91pupXj94FmyWi5ZQTz6Ttb+BE5m,0,2591700,100.0,95.50305464513883,99.17282,1,1.75
1222904,UkntY02VaFF6C58j9L60sZu0zP3GY+XTyvDYnSmPFE0c7DHtjeLCgmkkzIFNYelJ,0,42000,100.0,72.87120782269501,99.293973,1,1.75
1223146,inACk6gS6fr02jm2WrDrEt/KN2mEaibfFotYUG3065OuaCWcHLgjlz2od7I3AQ31,0,18600,99.514723,64.66403638095238,99.20649399999999,1,1.75
1223183,PHYCnIipTh3V/WTJzHRBQNoAW/1DNeLzCJT6d6is1mNWidvJWzxea013OSIyAmPQ,0,55200,99.717212,92.5710495081081,99.469507,1,1.75
1223469,Yks/muRe2gcXr3jI7d3gasXi9oWp8X7f8duZowkL34rtKZbGau3WGhjHA/e2G+7f,0,22500,99.859329,51.93831424999998,99.53509,1,1.75
1223733,FHYJGjvPGYeYuxQKEWVBsGQZbU28XOY7MWFX08KazAJXZ/Py/Nf76rMhH7zs4Udl,0,11400,99.73056700000001,96.41677135897434,99.722002,1,1.75
1224401,CzL+IB46uFKxtlykCjCfiMFl6jiV7tGG0p/MbxiYiV0rBGGQWIFG7TjXDKflCxq6,0,1413600,100.0,65.3497770161289,99.482957,1,1.75
1227480,85VOgHizr8/3JaLbSZsxmYen2mETjhHP/NOSrqA+SkwE1EzoTyvPhafJcsBOBhDJ,0,2591700,100.0,94.83388780775469,99.327262,1,1.75
1228623,Eh8NUJjwBFFSzRkZDAakA60HoSnM+Va3hvXXlRkU69OZbMOZ9+kynYjfeH2f/7Br,0,2591700,96.215714,52.0261841711806,77.680398,1,1.75
1229046,o8R7JbuzGTci/1Ph0kAKx9IUiosUT72Jtti96GV0QH34ykvJjUO0XnrbUaq8XImq,0,2591700,100.0,64.65304300763886,99.247979,1,1.75
1233269,dWi8qEGyCET+5FDkyWikMbekjDDqSDbsnLIFyvy0g5uWts/hhEk2iihz0IV/RyUL,0,1439400,100.0,71.31863686598581,99.105971,1,1.75
1233270,Unnh671oyZcDCpFBrPTaUytzDfOg/1jbj8FhJ+VQvyPWvjgICQo3ZE6bnWTRJUvT,0,1439400,100.0,74.70559091522249,99.062085,1,1.75
1233271,Q1RECuPzdTJqywEthZIk3L/YDafZm8BUsHOOMO2Y2WA5DkJq76XQo1N/6pyyoU3y,0,1439400,100.0,74.27647912111732,99.009686,1,1.75
1233273,lfXGy+I1pnyIE3aVw/1/mm96GV9dfcuE7bwwID2EN8/68SMPR7piy15F1YhsbZMz,0,1439400,100.0,74.8624798824755,99.35798,1,1.75
1233277,kDAwIF7+XGOssV/Enk0yjpUlqtBHmB9X4OnauVSY6jvodW2tODgFFN7lwktY3gIF,0,1439400,100.0,70.09203330143866,99.257299,1,1.75
1233280,T0hWwqQdzwx2pm5NsduZg59pmkouzZfNo0om0kLonyKOIB9DVicZeOl8mGlG5A+v,0,1439400,100.0,70.8712004613464,99.18375,1,1.75
1238701,LkR3g2scbaAgtCNGNs+ZRztOEXEySgfHszPLSqp9zzgoVeYPQvh2J0mp3qGOr5IP,0,2591700,99.573399,50.94349065219925,95.885483,1,1.75
1238712,7pxJddDKknIP8zhItKEJmm8cqYha5/gE3FTvhmX9Tm5lJ2O6Qx6gjmtbDP7zv59q,0,2591700,99.640194,50.73350126354175,96.21471,1,1.75
1238720,rTqQC/Wwsk7it+PB9/Iua7n2tWqUxt1euNIN7rBmUs0z1gALa/SflCpkhAXmTl2A,0,2591700,99.893964,52.7100612046295,97.94908199999999,1,1.75
1239416,n0Lgfp9tepw3MgBrp87SYKbp495Et49+xmkb5Vm40rxoD5/2xiKWoxfcOm7UHYs6,0,2591700,99.98496,60.78986202212944,94.167994,1,1.75
1243196,j+m6nCe+koCYhMudR7pguW8KFjzCPyeEiKo8qND8tNPF3zPT5ZUWA1gP8QEKI8iV,0,7200,90.244466,53.17430935999999,84.747718,1,1.75
1245231,OodXqqtOl6/3YGUqawJxuOo4MBZKqdLJADD/DaWJ2EndZmQqeD1JlyWNQGww9+eC,0,2591700,100.0,79.75940381004267,98.952073,1,1.75
1246288,wy7GhmZY6ernjFKtYK1ODiMuFQGKI3NnHcy1WOEGyu/fYsNFgd/7fNHE2iEZ9WyI,0,2591700,100.0,76.25587307175908,97.265638,1,1.75
1252662,7HNGbDlkIXC4TzITZ/SpC/K5atamR+vx4toev0ttnRASsVfL6vr1ReMQ0hAY+kek,0,2591700,100.0,83.03962223125022,99.08369300000001,1,1.75
1252664,QjciitXXl6PrnvWNLdX2R3ja4G1jdItdhbyQ+vhoO2AUUcIWddJ0GORUeYAoJ3GF,0,2591700,100.0,76.096353345183,98.49815699999999,1,1.75
1252686,DB6PgEfRsyCib2dxNk4UZQRJ5y4qwwFGqhBDYExYjTdkrALvXBWGZiXNzxkftiyZ,0,2591700,100.0,97.19513465748359,99.657078,1,1.75
1252917,eNWvQlMCluRMrTD44h47WQ3dAo0Bk0e0hcQvR6Ja1I4uH74454IYkyWdi7VGU72E,0,2591700,99.14089,55.193458832388,97.682395,1,1.75
1254619,rRqVlItB3Fvwc/7DnQIy0x7dy2fRBTQ3MBbOoyxqviEhWll+TR4o7P38pN7wJ73r,0,2591700,98.912349,52.6318050914456,95.497394,1,1.75
1255115,UIWOuzXMy4fev2r8ISZ2rg/dARaIte5Tm9jhOFKtdAuhbgQNGKPqwe+JBjMJUbn1,0,2591700,100.0,79.92654404895833,99.35892199999999,1,1.75
1303602,kD7hFaAPC+nQjFPb8RZN7YO4roX0F42Vj/h5rw7TzHOC6zXjlh/fXsJrd7qwGdiZ,0,2591700,100.0,98.72197571365759,99.22928,1,1.75
1303603,dSluO3o3cudZk/aml1gvRrmUcBYL3iNwbLykUMdfrF+3sD+iCqumLs6R2pRTovxJ,0,2591700,100.0,76.60811007895379,98.766416,1,1.75
1303604,tRp7Vcz7K1PbHnnoMdqdDGZwDGaaOZK4iCaNmhcPp6p9ezs+somly37hOtszYOhx,0,2591700,99.909594,97.7329985941656,99.142312,1,1.75
1304918,4dHlQ2UwTmgO6nzO6dd6Zh8N0+G/mKFeTrcSGmtJ58rycfa7vf0Seky8BS4bJq45,0,2591700,100.0,72.29449123010099,99.134569,1,1.75
1304920,68xPgYSVkM+PiMRYFFA/PBzqGNP9RQO+f6Um/olqdKUlNdZC0QyU6HBBhBkH2vw2,0,2591700,100.0,97.80079794293995,99.189677,1,1.75
1305318,SdjA2RBV04sZlJgHKDBaG1WF5tM3xAkI8tfS+a+1I9sYnXr83qHwOFqdKLaYbwGw,0,2591700,100.0,65.82123075046283,99.154212,1,1.75
1331175,dGJeKJtw4o/dVMGdukwzLdNSR+kakLlZI4oVAznQqnOxJAkv+rcxm0c0/0mZqav8,0,1472400,99.482764,89.2529084023223,98.850004,1,1.75
1331176,lonLYUfL8Q/h+XAI4AawOXhb94denZldsPd1P+jUC/UXCDo0aDKMObD723PPA+0Y,0,1472400,99.126098,82.58033861002431,98.239857,1,1.75
1335985,G1J3jfpAsYsakNqM8Dg6tmDZMA98gITUOWgThmPqzDmBC6tR5Sru8etQ5LOKBLyp,0,2591700,100.0,77.42176963352226,99.120026,1,1.75
1337503,3w56lejNWSaygp08Au0wocsf0nAVjayc6hFL+cFDfDlL5mUyr6p9uGZsc9o/wNwz,0,3000,81.909261,56.6481169090909,81.909261,1,1.75
1337505,C8iijw8I+wNFO1Dzjs6ILSs8qCDkHjwyWJPo+epB8XafbTmMi9kGGLBJOGgbcY8q,0,3000,85.876165,53.135706000000006,85.876165,1,1.75
1337506,4h+jySA7bNaOL4v53lZ5PSE6didZ0AT+YvHSx76jMgtec8o9AYcMtnYvUeT5RsQC,0,3000,83.95885,58.332944,83.95885,1,1.75
1344900,M9y3t5ozSSikJnxide/cYYdJFURMbC88fpt9H2/CDzBg9CpmgmY/RhJuFESLjiOz,0,2591700,99.242077,88.75344679710643,97.390376,1,1.75
1391954,GsZ9vXN2OXbSsQ4p/sqgC8JhFEuLhvC9hiFbm9JAJCVQZ/0rXU+Hw+sSAM9TpQk2,0,2591700,99.257795,57.15787584373168,98.23647,1,1.75
1397583,bsGAMHYxKzcJsX5LkWX0h4Tj9KweQIrjhFV9uGSybATCBTranOX4+JAXmrEl8VpC,0,2591700,100.0,57.17148340402879,98.916007,1,1.75
1398901,6AVVZBqKAim4k6dQyHI3fTq53vLVPWS/gswbQjV7VzLD/ezzip1RhdUAGlE96/Uv,0,2591700,100.0,97.0385180095099,99.543991,1,1.75
1398902,QqYVS/qpt1Lbc98rUUYFv4cG10gDOVq6Zbh9FYZ5cPmpRnxMtwpGWCAclsC6fEn3,0,2591700,100.0,97.22577692891096,99.471228,1,1.75
1398906,BQAevbImFj5DEVjFFW1EKqU8DlidWRF2mn0CUFzzoj9CAvU+JgvKjSmDPONdoUjo,0,2591700,100.0,97.00867492938204,99.691276,1,1.75
1407199,18T+kpXWojK68N/qUCiIMt0zH0vTSQ0D0/40x5HXR63VONLwOrMtfkonoXulsDUO,0,2591700,100.0,65.02283854004624,99.277241,1,1.75
1407226,eaQi9DAhOlN8EyEOcTXy21q5dCmO5XE2ogFmB93I0FSPgS9JKtkkMkPXvaVfgJqR,0,2591700,100.0,50.79164929775426,99.46664,1,1.75
1407233,wWDGk1hjyzawCv/481qnsrYGOubwtsbKKvBey1gMeQAjcEVx7PUNdNZGK4K56ana,0,2591700,100.0,54.551067255242785,99.310284,1,1.75
1474338,57YpggsPA6mCBSo7zUx+y2Qowed+5t0BFKlfE6FLdhpVbjRUwxMZCUFjvAdlJN1J,0,5400,99.25157,54.671360157894746,99.25157,1,1.75
1480841,eVuF6+RhTHITuhEfhMylfzzi3329qnaHbRHQItR5YrZgPdbIwQ0DNZGmAxrbSX/H,0,1500,87.964667,51.62330266666666,87.964667,1,1.75
1494529,KQyQk8wTZEsyOr/az1PGxliDWKO8F1eddHLZhWXKNVSBwCkNcBQKQSHmNpWQmree,0,723000,98.84618,97.9660920186644,98.26321,1,1.75
1494530,g+BlEgJvgH8jdI8RZjLnnz53o1kofu9W8j4pKRpObUD84NlvXYWkUZ9Zeq+r0ioi,0,723300,99.10424300000001,97.83801338987962,98.365193,1,1.75
1494531,SY/SsGmOToPwig2yunsCOBsIsApC+PVlVwUT6SL3QXlopqTjLLbdxM4jewQsl/6h,0,723300,99.134238,98.02013358084562,98.30337800000001,1,1.75
1495518,41q+PASxl2rOsgT5WLS1H8ly7LITLX92bzERKeNqzTOJZM4YllAN12Qp4AC80Ca6,0,723000,99.05560200000001,96.83602399128999,97.926239,1,1.75
1495522,f+oQro1l9v+fmjR4ZCOzr+ox32KeHx3fuPvrJyQ/CVA+RHMMg8JFOh355MSIbRZN,0,723000,99.11200600000001,97.68660880340087,98.297718,1,1.75
1507618,8VTfQIRGx3uy2DTA5aCykJw02aBriDU4JLThHxEAKIWJzb7rqTqKngGfjlbyN7d5,0,685200,100.0,97.78815142275721,98.462354,1,1.75
1507619,tZXuo4UDbbGKLo2dfLGWcxNZPQ4fXrOTcIKYmbJqs3III2G0tGxUI2Yl04KbbgF8,0,685800,99.28766999999999,98.18906930039364,98.53231,1,1.75
1507620,kzGP9EoQxiJijdIi2Fz69E5vqCVtsi/owwmAhd8XR9QGOilJKoo5bBEEaM0mh41z,0,685800,99.978665,98.87646056536937,99.44752,1,1.75
1512248,bctascTAO9yYY1cGavT+MjmktLUd8c2cmiWREvepwK+S0tDY1q9zcFpB7rjq73Tb,0,685800,99.9996,98.02385927197227,98.749452,1,1.75
1516932,voDC6T9IZkvF8pad6pg3DC7lLty4ofq/XS2qe1TRYAjtGkna5+sX1fwqxQGsotMZ,0,685500,96.423062,90.77013094181973,95.843522,1,1.75
1516933,IWGh+1pLqrfKAAMGwXJXKKJ9tSo3Iy0+kvCl14JwIO3UOdE0oFlvpL/Q3dwrHxa1,0,685800,95.839731,92.96611811106243,95.243059,1,1.75
1539862,4Z8h1T/0WrHMg18ZKaaeBVvfB0LBokQvPzd8HvbxYNcqEaj47wRUsFuHgZAe6LpT,0,990600,100.0,98.80216360944613,99.578005,1,1.75
1547858,ZnDX0Pxumu+krctbZ8OlFR105HfoaUVjqHsD4XHlRzjd778haRnq62F1/Y1YP2/H,0,2591700,100.0,50.86122589188573,99.085266,1,1.75
1557067,TC4IdMPVwtapPeZ6yKla85xgO+Wnzve3tuhz+rjlxwr2zobRya2tW9OMLy/+OJ0P,0,2591700,100.0,51.45722932260682,83.637175,1,1.75
1557236,IiG+gmNoXkm457kuFxYO+qlOeRFBvURzi5LJ/XQXGg1djrZpPO1yumy2uEQZ9ITH,0,2591700,100.0,69.73590343245729,98.632875,1,1.75
1562510,AC/UwMebRU1+Mxkr3tM3Bo0gFfRex5i2/6XDkrQcrEDYd2C02yEwtekziVxqTUIN,0,2591700,99.872488,97.46111893692137,98.942915,1,1.75
1567290,ASOrKg2IYyzQuU+5jTGFB3zj8BIq/WJko3mY2pe5kVuIh4aq1dzj7wc+iSxo8pCC,0,2082900,99.88763900000001,54.9625678277155,97.456848,1,1.75
1567305,lXsA1JJZOT+tqS2L//NPD9Lxtq9bN4sC5piQWbnTkutoj0sW+OrGh5zfx780roiz,0,2082900,100.0,53.42371795377293,99.063008,1,1.75
1567306,hU3jT48TfOUONdXGWdLXDzdfmEEmp/2m3V3o2XHxC5wboJ2mLauem2JtPb0Wvapq,0,2082900,100.0,52.221131379950954,98.470963,1,1.75
1567310,5XKyO9noEiArP3Isa9p1BtTsmNs8tfk2Ei8k+XNHV9h4Vh9e90hCtfaythRJAlOK,0,2082900,100.0,54.23042061270356,99.312501,1,1.75
1567312,t8ZGTQUpNxT70xL12rSnydvhtG3JJSLBDGR6fxHU0fu7fN4fyxLeOyehnKZKc2nG,0,2094300,100.0,52.21658684760812,98.02926,1,1.75
1567319,rqzw7KhwUuGpAmxuHnjrJtzJbiS4US8WbDGQTSq9JvNhCihb3sRPnFM2pPPUdT91,0,2082900,100.0,53.80170708626167,97.229253,1,1.75
1567320,cWKR+5N5j7vhMeLgqazcRKm11np7MtMQdEdIjwsvssrR9OV0j4ye7O+2HiErdw9c,0,2082900,100.0,52.40424503183054,99.032009,1,1.75
1567324,RCFsoMNj/6kjwtlOrRY8wlZHW50hDkegavFbSxRdolqufZ4wPaVtxQqqRCvnMikq,0,2082900,100.0,52.11422366762666,99.074962,1,1.75
1567334,eZE3RQ7JjulkqlAmpDCL7MwQrPOu1HoyZO+Rc+CTzo62bI85NFJYe3Vg7XVWar9V,0,2082900,100.0,53.59434817393172,98.516202,1,1.75
1567358,QJsPKDbXAtDAwKcVGgdMNtWU3dXDO8BDGKHXJ9adfVBihpF2Uvt3XPL2TqeFmDw/,0,2082900,100.0,52.176225927623975,98.984533,1,1.75
1567369,QIufy+hdx/ntRsRyKuIrgQzuwCgpP9m50ePOZWuiUgY1lbYCIbiqTyJAOhVm2I0N,0,2082900,100.0,53.49814182572402,98.944991,1,1.75
1567393,g3uxuDnpP7ul4K82v3s0H84Va3mcOqf1T8adL7LX7DZSrIDhpIluDgTc2Sp59WZt,0,2082900,100.0,52.12624264559317,98.292549,1,1.75
1567408,kLcod2OME8Ih83iabJNO4/PZJT5nC7YvPBWlg5whcCsKZsgXRydnp+uq5N6Pm6+L,0,2082900,100.0,52.886662610831,98.795355,1,1.75
1567413,Kh3v/UjQ4I3qh3pv05AK1mgtYmyOnv/65+4Suxeg2wWfT6NVbuY+YKjKEGE9hDxq,0,2082900,100.0,53.87803907574874,98.92755799999999,1,1.75
1567459,CxkyX+5ypUbkTTABpKxsRBcX+LVVivCxg/WkBfKBG9ANONaFVwcAxZDyJ9BrrqKg,0,2082900,100.0,52.83756767266693,99.035213,1,1.75
1567487,l4nPpQwmGm5uL88Wc7mqfxhe9FR0vsuzLOe5jeVqndVaB3b0+gQt+2MLCHWBq6qW,0,2082900,100.0,52.81419428528232,98.95965699999999,1,1.75
1567492,iPbKJjjCjDpd3ipv5bpSyVRoOHVrl60WyxPQUlSp9p4OKQjK0YGqvfcu3qqSJ6WA,0,2082900,100.0,52.67016178413011,98.698307,1,1.75
1567495,eOPeUsgUlhUUym/3kmkzVtd7tMJ6B1ps8Y7EqZzVLFgdRfwlHgbzrE8oTQkmpyh+,0,2082900,100.0,51.74319943295415,99.180174,1,1.75
1567500,2U6f4KuHs9DtEADUEj79fygs0uD0FoQ/nZccRzDH5W/VGoyVENiQCKR8QALgP4cL,0,2082900,100.0,53.440945764511206,99.336384,1,1.75
1567533,MHI1u52x+iJHVobWelpOweCVdlsJOyeGPNBgvdLZvMcD7DJUBihemsyKLDXDklZQ,0,2082900,100.0,52.639829249027756,98.753341,1,1.75
1567615,86BmNVQp8wu77QudAfruooqBcIYAYnybqKo+cevO9yt/e8QSNZMfHCOkvpzVZbvo,0,2082900,100.0,52.12110509778232,98.470349,1,1.75
1567632,xO9ZO9iUA5CzUmz8qvsDDhHkXSQOwQdrZdA1kB7GVO8wa/pZwXJn0X1bTuk4bf95,0,2082900,100.0,52.14348595276497,98.794996,1,1.75
1567635,8Sszf/7V9xNzNHErY+wrm47O+/RDdaMPKcc8zKOy16fmacfvdFXI7yIMS2p33y1/,0,2082900,100.0,50.084917321140615,97.846757,1,1.75
1567652,Yn9+XrUPuPdTvj0u1V5YNKD7VVXDWT/lGZByE/M37QLzM5EWHn0MjdoSYFx6e+qw,0,2082900,100.0,51.98817876022473,98.551951,1,1.75
1567656,U8zS497pnsV064aba+zNnD+AeK1nRN1VxF5Cr7Ge1zGcVbbf5jCiPFftkm5P8Xso,0,2082900,100.0,52.18612348214285,98.562395,1,1.75
1567662,pdTMjowoOGz8/oVNvEUoIgUts5nLZ178RS6staMfHFiDoZB16We9IxBtUh0jCCrV,0,2082900,100.0,53.50567184274184,99.096351,1,1.75
1567686,lmoolB7MKhAOvwio78E4mgIg4qK9rHsV2gbVkBST+83z78kBxV5whYNOEZcT+g0W,0,2082900,100.0,51.839368644678174,98.975177,1,1.75
1567705,M89kj274p/AGUMUezuNl2u/PTrV40437BorK4chbrzP1VTr9YmCkyemjdRNEQhz2,0,2082900,99.92890200000001,52.87884933654955,97.757,1,1.75
1567712,B0g1nRcpxk0M6AUMAd9h2Lt/IlN4F/ayJ1x2zwKJGCKetApyfNWRvQxT6YUX3JYC,0,2082900,100.0,52.72553599884796,98.80005799999999,1,1.75
1567715,V3AEWyXu5SkSrf2P/Nhevew0od69nRpLd17OFu7gOTjQagDIFnPWzQonWp6DVqhd,0,2082900,100.0,53.9166015990206,98.830836,1,1.75
1567729,wkgvmZQn3/sPA2PnTwggYRs41RDgsuhMKmonnCIsnkbH7QnJmmMR0MayfXQbuYyp,0,2082900,100.0,52.3056062396661,98.308748,1,1.75
1567745,7dgC7kw7q1q85clv8cIsALXDemhWNphs8AQiLXoKCWMTAr5zV+4RMiDirvRWo4Ce,0,2082900,100.0,52.78490323541274,97.30466899999999,1,1.75
1567771,LUP7ghRl+kpxLXIBR4Xs68CIpRgdCcl6Ldq9DgW0QWXonWo0hAwKkPyw98EAqzb1,0,2082900,100.0,52.24111781031265,98.724051,1,1.75
1567776,kGcKBzWp59Sl7ENEciVfnzTc+xcBVXMfbMhN1mkVpSpXO3sWM4MsXVnmegdH/M5j,0,2082900,100.0,52.84562311176725,98.542211,1,1.75
1567786,rkGG7+jCmzOybwjDBuu2ybDKudsRBNFUvJp+CIbTcZx00E9Jzr0xo3CSevDqH48T,0,2082900,100.0,51.54297244894144,98.854538,1,1.75
1567791,O8aQvKSwCfM9JoqWMY+0vAWkcoUWiTSsc3Lvm3IA3oXSPk09OH6Rpxp4lcgarDdH,0,2082900,100.0,52.1066432564805,98.59474499999999,1,1.75
1567810,vFNPNDBTFl6GzE5Eiag8g9ipydZQmn/lX6S+YTexGmzq0jlBNREURz5jnmTb0A/N,0,2082900,99.892377,54.731443890057534,97.698524,1,1.75
1567811,F38JdDCUOYs/y9UlhsAjj6xqqZABVc6l+pFbUsWzlUjZTsEH2A1YQR2t9iegJWmO,0,2082900,100.0,52.16690698602695,98.089672,1,1.75
1567819,p3xed5kTCdwrD6z4ByXtw9XYn4SkvKMIWwmnoeFsLiReDvTwfkUBPvgQ8zEZplPM,0,2094300,100.0,50.746942889573155,98.910901,1,1.75
1567839,VutGWq5sWlSPwQ4OpNXnVcSdDLdyqiBrgLzoaYdjqLSNLE2aCwjfF9G+JZpjljn4,0,2082900,100.0,52.08167487527009,98.91202,1,1.75
1575378,PMRZZv2f5AZNJI1mkoFBONTByHvcbOECMubHFwWB59/pP0x0ZqEPgnHigHdVCHKF,0,93600,99.711729,50.506948128205146,85.046235,1,1.75
1577477,JUoak+T+RjjG63QAExtlyTxOfkDNfjX4JeMO8Z1X5Rhia97WXd6tlDsAoLJO88uH,0,6600,95.726414,50.08572108695651,95.437106,1,1.75
1578950,7Usy/VKJz9myVugC6HUew4mDBmYMMJIkNJJfShSTUf2eEb5BDYmMasdQTJwQRU7v,0,9600,87.339558,51.55775865625,84.085785,1,1.75
1579016,BAijRDf/tIg1huoyiDncfgJ8x+I0ADBCqUKQyUiLobRXR652BgazRY56QK2VnrQz,0,78900,99.313583,50.631745518939425,84.274551,1,1.75
1579692,WTY0KHxKYj2Cm4bO9VVI15xJzq6csUd9p9a22lBqH0ZX7hvUYhurh+inBcMpUxgJ,0,2591700,100.0,99.2227176819442,99.856127,1,1.75
1583917,FacPZV/sE1P4U2xZkSR6k0shGCIYKFL5tGcN258zmtbfuP2N+oeglEMCKCGZKoJI,0,1952100,100.0,64.1237815965884,86.427879,1,1.75
1583918,ohbUltrzgBQ+iisJga5eJknY2l32hOLDSsLw+dHwEakIJEBsZBK8QLIEE2Z+NBoh,0,1952100,99.672614,50.56460896189312,62.759184999999995,1,1.75
1583920,x7+60+61fpPVPRO47FLKT0vCgqEFgnmXhqJuXovmpgcjHPQuPgr8BLPIn/4Pip6w,0,1952100,100.0,65.25518804980021,88.517516,1,1.75
1584534,oLyC5Ga8EJ2ubsLLrMQkpVZOjgyG92x2MR4cOiDiVMnwaxvlwwhqSGuYHsTVkdLI,0,2591700,100.0,97.98334359965298,99.711104,1,1.75
1584728,CNTidEkuIxGzo5cU1QtqNjpEPA1LY3LGYgUdcfpVuur9AQX6wD7CGDMjzzpsbuoA,0,2591700,100.0,61.966772200254326,98.517361,1,1.75
1586776,8TE50mRu9nhWGyp6lNLd6ZiVHO5I9t8Ubcuij+i4qMW4viPw80FrqdlVCw2tw09e,0,2591700,100.0,70.28051380379664,99.43220500000001,1,1.75
1591469,OrMXcB2pQIUMNnnp9QAKt3Fx+utHXbEL1hqodvPytP3QEalrQw5MzpFDwKSqN0Jo,0,1800,98.977376,89.41661714285715,98.977376,1,1.75
1592337,83I2YI/E3A50WDJ7TqPWKqkruNryH9CPVo5+CfoDjfrFo+xX0MFBYMEGN4Vzg2/y,0,2591700,99.262852,87.57957324733742,98.459131,1,1.75
1592436,Iq/50uQuKLfZgIJZYkv6UH/Qklu1SVompzjZUe2Aq62X5lHGGB0E3aP4AcGxfywk,0,2100,98.505483,52.204294875,98.505483,1,1.75
1592437,hqBzc7Sizyf51YfjLPyfD5UPeS1O1wumkguZvhuIDzH6EjTAhmhk/mzwSoHOLgpu,0,2100,98.697474,72.48855350000002,98.697474,1,1.75
1594594,3C78RnFD+cMKrd2mmaJqj9qGh8yDKWcMPckYhPhnz/x48qsVSnSypzz4y9sPWJd+,0,2591700,100.0,61.900434341088,99.854509,1,1.75
1614242,8YMVm0UTYewB6nu9s7AUHDR/Cgyl2A8WdwrGXm8FRBhyoeRPuGjNMyh6JNSsg0bl,0,2591700,100.0,98.70131345879616,99.574118,1,1.75
1614246,WIQp8VrScUJDmWqvvCpjCb6b0jD1yMuyulXexxYMfOyInK5W5fjCkRmHQF0i2D0Y,0,2591700,100.0,98.82464040940673,99.636965,1,1.75
1614247,ySumf73Ip3jrY38nITZElRbhXm/AzKwFfJRhQ6dJO13X3GB8BO1XrPY1/yPEz5qc,0,2591700,100.0,99.31594430489635,99.742071,1,1.75
1614250,5qPEs5HZiboC8hSgWoKWIjvfycxGiTql3D//vpySa/ft3rtLBSclKjn3uEg63NlY,0,2591700,100.0,67.37959877708326,99.15521700000001,1,1.75
1614253,RP3cLw8qEiHIqfzAsXnnyfR5JxTvencVrmbKXkaM1GDHujySs8J+3pecrLb+KA6t,0,2591700,100.0,69.83031645931226,99.269713,1,1.75
1614254,JO8r2es60SAP5Zz9sXiB60ZU0AOtn2MgO1dP7MLQ63BcOxdeHlYk+31Ie24rSC7n,0,2591700,100.0,98.89376704745912,99.614056,1,1.75
1614256,TCglIlkJSuWkpEHyNpgFm78OTvq7ZvfcuPgNIVTotinDdnRE5g0L1apLAN1nHtKZ,0,2591700,100.0,98.57923164462693,99.55311400000001,1,1.75
1627453,hZ03ZfWwmVyrYISqmRH+s/DFwyze0BtQBYj4rpxXVfIHYTYJ2SWo3p9N7xL8xai+,0,2591700,100.0,98.71726755000013,99.552876,1,1.75
1627521,R/T0oAdKNr5/XOiq4JUvHOUO+/cubgsOG54wJX6cfjci1jnLg7cjult7kKP/jcTk,0,2591700,100.0,62.28290572864053,99.105597,1,1.75
1633956,BQAMWCpzBIYuz4k5MHu8xqBw5xBxKvm2ik7W2ch5Smx5cdF4sZDV+/bWkwPC/uPO,0,3000,98.30001899999999,65.64104963636363,98.30001899999999,1,1.75
1634043,KufcrJ730SR+GaYCDLHrZZppWbJpXQcA4i0oMg0kxNCybu6vqmgIjFuHAx1WD3D4,0,3000,98.26499100000001,76.38027500000003,98.26499100000001,1,1.75
1634044,etboZ87FOIM13dIyoqTOSyCPzbi5ANNJUdYStPTrkG0jjLE4rxUPpKFUdtOAJ30B,0,3000,98.048771,71.33148336363638,98.048771,1,1.75
1634211,7zR7GSu/8tFQfZBVzYboS60/lMOicA6+RqSdEUhMRrK1yjb7jCetyExtdG969mAH,0,2591700,99.978021,52.71547690241914,98.542591,1,1.75
1638991,H/UVYh7BSqb3RHdkNgtwt1JbAHSNL9CjocPthQ5O2cEiujTsBejc/Cnh7/zR74yp,0,2591700,99.64915699999999,75.48950066450409,98.890761,1,1.75
1641370,ngU1hvIKkNHCgU0Wz/kmlXFkt+gnFBJscDtKZjmxF8QRzwVzNfNwtkSoJrDcNO//,0,511500,99.853383,57.81827015181715,98.49065,1,1.75
1646804,3YM+wHYLxk3CvmP3HlpjlfBPmxmQvHQWAVidMoo8xQGKWzcnXO8277OfOx9S3uC5,0,2591700,99.744013,66.03660460990834,81.49996,1,1.75
1653421,MbsLIifHjLJoLXbcCPZQ+v7wYXKGp1ME65Qla8/nomT+59hi/m6216ZNub0qc6xG,0,2591700,100.0,91.86558557027055,99.461878,1,1.75
1658873,zgkQouEFCjsmWkdJl8hMFptV0Yp2nWZ7rDI9Vw3reWV7+M77+uIzSojJCbc9ETEE,0,2045700,100.0,64.51591299794734,99.043482,1,1.75
1658878,8NZb06vaSGx/USmQi/7gdJJ3RM5gjG61xJwCddjGnxDBmBAWqdFczdd3D7cJoyEX,0,2591700,100.0,68.19477002581037,99.49124,1,1.75
1658879,7zK+lHbaKnVNfh/hNQ3orQo2EPOpx3xjWMp5hIkQZBHVxPm9VU8NT0MG4y6xUtDz,0,2591700,100.0,52.73665209156146,99.16873100000001,1,1.75
1658883,gkkJbgrMVfiWae5XaNe1Q4cj27HbvsCysY7fpx9EEOnpOFTIlNosP67iI8NHiLr6,0,2591700,100.0,53.96650232199046,98.69341899999999,1,1.75
1658894,SoPFAj+oW+FzP5psvt+1s3t6m1pVaAOYU/p/DA5Ow2Wu5MUrrx5FLrtAL11y7wt/,0,2127600,100.0,60.79799631199772,98.94467,1,1.75
1658897,mz0p1I5D+1tc9txZgVCppe7vEpUyRZHqNxnJRJUVgPpj7ab9BJU2oV28qoyYMkHf,0,2591700,100.0,53.73343439482833,99.256878,1,1.75
1658914,J45S7XHMePUS/JLQwS3QdIfhEuzAdIp2DY5ij25Ru7ZQf4mm5g32r2MaLi5Q3VOO,0,2591700,100.0,53.56844407222209,99.23859,1,1.75
1658915,hk/PttdfNG1sCvMvw1sJ3tYmImGrGUERM/R0najczzMjeTatGxX/Uti2m68M92GW,0,2591700,100.0,50.48190481328832,98.51311199999999,1,1.75
1658916,IgHcIcGjhLppPy0n35KckvQjFJJGw4RkdsUrXpeuF/gx61nu0xn71Y8+QVaHc2t3,0,2591700,100.0,55.30954526568655,98.819299,1,1.75
1658920,6XEfvvASEY4CiPYHLqp6C1P0l68QpK8wxS+N9HNJRRvKTriDTjbb4Tc1IjxonnGV,0,1602900,98.68983,56.84449041041004,95.69891700000001,1,1.75
1658922,IPnGf8h9/EBBDLsl04069YE8SXiCHE2R1CHpryO5G2CH/RgRnLf1jOJdSOfoZF0c,0,2591700,100.0,51.671239479050776,99.022145,1,1.75
1658925,iJ7N2zWITn8yIHYzvKMdviKboLE3kKF1/06BvDlOjGrV/ud0J9hMKzsGmYXqK2yr,0,2591700,100.0,52.832444409953645,99.01666800000001,1,1.75
1658932,vjSPKzPvatUE7cA4E93Z+v9yJ92OTJfPHg3h2hnu0acm63M+2DgdqJ6ptGOL52HV,0,2591700,100.0,50.87141548605143,99.047673,1,1.75
1658941,adGR+65jyI1M1Hk/92qis5RjrVhVHV2VKCfXjXAgDAcRlULENwSCTctoPfgffZWe,0,2591700,100.0,51.03492580298645,99.36537299999999,1,1.75
1658945,rpzcaJnFNcCHkhWh3L4Y87bUF0ofwgfbecq7y/9/S6QbffNmaW1T3GS6khH+8MEk,0,2128200,100.0,60.732437786056956,99.334477,1,1.75
1664315,6//6rQuk/JbscrugbwR+NMwMuJxtXdp3/2M/YuTWGChKVj1Ffvx0EeHVRKjSFOPI,0,4200,83.26125400000001,50.49328946666667,83.26125400000001,1,1.75
1664389,KUk2BxZDAA1GJhFGXTIPDwEc4Nv+BR1Gfm7P0NuZvfq94SZRnYO4ukgoXgwZO0bN,0,7500,81.71,50.367358076923075,81.703712,1,1.75
1664851,ij8ar0bJXpPnTyQvmVJbiiYwoAJz5CCq6Y7hfYKYf6lw624tFlble6SiRNA6RkqR,0,12000,86.159853,50.043162780487826,84.169313,1,1.75
1669341,gDgKLhEDVqgTTWt6VE8Sbb9dI2rmAlIhyV16sGSsnx/iS+YVTXCRzwyu5dgwUjW/,0,2100,82.744022,50.406352125,82.744022,1,1.75
1715366,j9LitDYB2H7AUjAkDAVgXFyUszL8BS1ldcCptxf01angGTBvhIQhhXUOXlM7Ckpb,0,2591700,100.0,78.53356762194664,99.426585,1,1.75
1721716,dS1jTGuO4oHFjcPk4Oym8NOqOSXxPc37/ZOsbgFJwTVTmRVcrrPh5rhCodYldYxv,0,2591700,100.0,59.018880473318504,98.66088,1,1.75
1727107,zEBOPv/VQM7ilUkjqclQCgVTzr69+Tz7judiA5bcnR1uFFxf+OPpdJh9N5TUdSeq,0,2591700,100.0,56.360809880194424,99.38152,1,1.75
1738864,TUuU+evI+dEVkFPXFWpKugL1Toh/LZx7ZKOzqwpUfIGKHBSLGxfGOdkI5+qqqHlN,0,229500,100.0,93.99726478981724,99.57557299999999,1,1.75
1741725,zMfYuf6/S8lg0lNeh6YKwzjJNtHdVwjGZS9YXy1tEiQW5bQUfIfIVU5WFulnOsgl,0,2591700,100.0,98.87036714885984,99.822461,1,1.75
1741728,EyKFU++hOIUpNuB2vHc8HiyRu927v4Gc5Ycib0L/JlEdESU3n2Wi+ICjX2mL/Omm,0,2591700,100.0,98.83957878944328,99.667167,1,1.75
1742170,2ItYPAjVBbbTvGVPjNwy5wHw6Vt/WhP+TXWK/Gew1VDXUKtPm5EEe7SCj3EV537d,0,2591700,100.0,98.94789566612612,99.675265,1,1.75
1742171,tEjNX2t78mLf06dBXEMpUkFeSew1EGKBDn/EiOn7Yk8ef44MiEH6a2V711iv3u3l,0,2591700,100.0,98.9006774281743,99.823613,1,1.75
1742172,cGg65NbKTafrjDi85K75L09cL0edZAefTr+rMR5dJtxaKe2o42n/P9pFvPzdwO3m,0,2591700,100.0,98.75216939497179,99.82534,1,1.75
1742229,8rzMXVYhxe0H//E5QuGckYOX88gM8L0hD4oSvmOEAw1fny4wOzTmp2dGubnurRMB,0,2591700,100.0,98.97911354439186,99.863488,1,1.75
1751716,guTitJ3LupufoNUrBz5CZKdxRqwrRToF//FHaboylsBbthfToPeOsAHVyKd/tmH2,0,98100,88.488764,50.54257149085371,83.837745,1,1.75
1752942,Tkfr3GW6dcVHn2/S6j9M7b+e4+E/9XfjTUbJmSwSSjPXQnOpyPEmcP6kGP8H13Di,0,90900,98.726915,51.011868157894746,85.245418,1,1.75
1754543,/8nq8+OuPSHjuPzh3nulKKkVXCY/iibD07930GMQyFk/mVGM59jmmdmHqYK0xG1x,0,4800,82.969981,52.53777043750001,82.969981,1,1.75
1755187,j8INg6S910eYng4XExp84YpeupBkrDUc6rkslfQ79iAQi4nSG3zLiirrR0h5/Deu,0,77700,99.72675500000001,63.0570334923077,99.281847,1,1.75
1755386,fCzBuo/Z/KySV7Qwr+E4sA4U6BBLc5+dvDuliL1J4WnLEjaW1T4qP4g+e5qKnyW2,0,10800,99.400687,70.59241818918919,99.314864,1,1.75
1769842,wfRY5Nk2YkRSKbmCGQE1azmJhY0lrMVbBNyMfv+j6bwCskxqMsx984RQfdlMu0ML,0,2591700,99.47005,68.8892415291665,98.552104,1,1.75
1769916,cuGZbIxVKsEXjRKGmwhG5ZIKZTTZToMqgGtB786rTTtjK7nsdyOL2/bFRUxzmV/z,0,2591700,100.0,74.3707326865741,99.175924,1,1.75
1771199,CiHp9rCMNuXii0H95ss15TY8Puh1xVRtG4xyNqQZwfI2SsIrdjZl/d1zxrbBD7xJ,0,2591700,100.0,72.53846955621174,99.438381,1,1.75
1783581,lzwsdDjnCN5SNVR4hJowlP2JcECtqd/fXb1wZl2MFR6ujdEeCxQT9NhL95/iQlX4,0,2591700,100.0,52.57194794246338,97.53726800000001,1,1.75
1787767,twPggth+y1vvDRckWwKoCxCuCgFAJzCpe/q/JAwuksFMHpdeR44cONUNQ98ynE1w,0,168000,92.750863,68.91138006773623,77.733482,1,1.75
1788792,UbgAtpLS6SprmHMkqmgRrBDKa5+V5Af1+ayi9DPfLSJGMOO9YRwjTfvDUCbFtHBu,0,2591700,100.0,98.25142200671944,99.186883,1,1.75
1788793,Txk4xEDpl43OK3nTjRWjpuO9q8GPK5Z1GVjARoct9hpUlYAcIUrz6ooftYFn7IAP,0,2591700,100.0,98.68506568329677,99.41841,1,1.75
1788794,qecr2cczNzWFG4TU8Umm4/hWNjh2CUhhJ2EwkGoEQ2NeNVaANltDvaSZhXjVxVEM,0,2591700,100.0,98.3558074898056,99.254531,1,1.75
1788795,IM1wMF3M27XgwhzxxadefwuWVBx7LSNXmriQyw2m3eZZOC6NWjA/dTkrMjWcA6PA,0,2591700,100.0,98.80681550983816,99.497629,1,1.75
1788796,4i19pv3sdi0pNofYbWi8t4R5ucnq4373M+FtJ6zIs22OL7+602p2zgFAvfBrrnRC,0,2591700,100.0,98.23061142910095,99.226431,1,1.75
1788797,ytjzY1E0X9CsFDx4GvnK243GtEm38xqGCgpRbSLiRNqGXbdOXSG60QbrbOKqTLaf,0,2591700,100.0,99.148765224216,99.669161,1,1.75
1788799,Zd3OaaDGJH2TWps1UEGYelrPR3cDEXx2OJIzkICqdWCTzgoG282tcv3ga5VUxRw9,0,2591700,100.0,99.1857783716866,99.648384,1,1.75
1788800,fxIk7jOZ/pbm2wBfs+8yPh4hG+mS6fCbRCpUp7BA0bJoqDGw0RBpY8b232/WSTYu,0,2591700,100.0,98.43506996387676,99.35155400000001,1,1.75
1788801,IGmW+uZEMnXU9zc0s3CJ9k2/dzAHEedwbu/LsQ2wjkLbe5AI3Ad/WQ3x5HhvmQwI,0,2591700,100.0,99.14918827090288,99.693427,1,1.75
1788802,U+0D3QLp/tCdoTzdTExDVofd8R2rNVeDqJYf0NrWOA+creKxTgmW3oiJKLgKaGix,0,2591700,100.0,98.59249519354123,99.38809300000001,1,1.75
1788803,vy9PyH0jWSRaye8eMrLdsam+GpZEFe46DODzrH6D8GACiYiIb0LgTLgzznLAtTN0,0,2591700,100.0,98.55244591201678,99.395891,1,1.75
1788804,NrHNlnUVZrtlrczqbGyvI/Gk32bk8I20WH1RTMiZKW5yPnK6nZ7cAxRJ01Z9w4tl,0,2591700,100.0,98.30566465068866,99.286343,1,1.75
1788805,KS8dqb+A79x4u2cK1H10ELPGtlTz5VIRITl2qQayIzyL6qO46es7U2F23jRGCR8d,0,2591700,100.0,98.93916639851739,99.51344,1,1.75
1788806,eZZn1V2PQHtP4hWNwTwB6fi5BuVymg9enuSMacytXScDqzKU/eVGwGKTh40THmsY,0,2591700,100.0,98.69358430235,99.551512,1,1.75
1788807,flebV76tPcmqp1lOuJPXGZHb+VsopcbJi9NcEvFBUSmoL5w99RpKguWDNd7Gh2ju,0,2591700,100.0,98.43465119921278,99.354403,1,1.75
1788808,eRAdfM4cUCzeTu5EIo1P+yT3bAhIaHkZIkUyoGu1pVkoocI/p7oVN7YKABim/opU,0,2591700,100.0,99.03073445023158,99.49875899999999,1,1.75
1788809,tXQQ/i/eDpmvCsLC881oTXIQcxI3zWnY6X+iF5mxoTwZwreJZXmYCXFy5GXpRl0k,0,1810800,100.0,98.88767826608068,99.589632,1,1.75
1788810,uWBFObd8Wy2hCY9R4y4EmkfcrJdpfxh9/05b04vNodLSOwKEctb+iM7ZpaLWy2T7,0,2591700,100.0,98.513211399236,99.34999599999999,1,1.75
1788811,ZcUidKrUbgOE6hfgGcP8to2I2PVzwCcHQ6iCqeywElCXARyDanakFXg0EbgJPGF0,0,2591700,100.0,98.99765458145163,99.647188,1,1.75
1788812,ILGpHPG/+4cGboOkokE3XO3s3PfoPYHbz1bpCd3y48Gykopr9UjmQCnbqQZjpPi+,0,2591700,100.0,98.88232539097244,99.53378199999999,1,1.75
1789153,MSZpP5R5dfYGSFkETZPVYgw1adibfKuxoJUB1etk87cnoZkzy8B+AcTSLYhQELP7,0,2591700,99.45512099999999,57.89916693379592,98.306673,1,1.75
1789154,zUwCITzWW7bohd98lYYNzXxMxC0ZjZaRHspnB3EmXgdD/vr1gRpsE9qY1e53RZnu,0,2591700,99.62755200000001,58.068185668675405,98.999601,1,1.75
1910009,qIHI8SpH6nFs+XDmx/FA0ScWye8LcyIF/6o6yuMhCJSX2cXIMW41Zo7GdYNrZ2ed,0,2591700,100.0,63.64240315069434,99.377678,1,1.75
1910218,HOYLXbwvVMxMLLZ1W/GJetTr3hHqUzGcDrs2rPEcmo+SDbMN4Lqb82wRgq110ZpL,0,2591700,99.597014,71.7709854123638,83.355801,1,1.75
1925617,7PT1e/uVAd02Di5yLGfBW3Ae93fr12tjU5YpboOQTYixutjDg9xmm1gVvB+gTxPg,0,2591700,99.35749100000001,57.51770139840222,90.26621800000001,1,1.75
1930258,itj1jn1sUaCgpWagkFGN/Ld/jhk29KiiaSO4bAUUbDb4AzzfVzohptlDYnYhdXLM,0,1467600,98.355551,94.8354010419054,97.587284,1,1.75
1933164,r/Mi4zqqd9MzJM6JDJJEmaQuagkaZuGowAkGDWVYUWL7su05vLDUNs4UjXIIP/v0,0,1414500,100.0,96.97937213598637,99.68843100000001,1,1.75
1940079,OJLoU6gkvv5qQ5hlME0G25A5B133XEGxbDNihQhMcPVr+upStTWVmwmwp0M7kMW0,0,2591700,100.0,98.76703605208338,99.675014,1,1.75
1946372,zvgyqMsKEclPF5+pK7CGAP0mXESUy9ouEaDFG3pNGgMm4IV6sagtLZBNfXQ2s+a2,0,2591700,98.882189,63.15906823657405,94.911417,1,1.75
1949633,hZ6F9XvtW7eMmIeGxmfnTOk83zKzBThPn+V5QNlojokCcaOAvVv7yEsaHG6heDT3,0,881400,100.0,68.85981369649538,99.27416099999999,1,1.75
1953908,OcMzAqQuDe98EgynAlZo8DHLfmvjjilydQfJVqHo772YmDzC11e54+nFqrWAxxZz,0,454500,100.0,98.82684901780992,99.626518,1,1.75
1954051,VR/KRkvbCUgxG1uNZzsoxv0QzTBPVNB7iX5JuQ//SgW77zgWrT0Z8NttUlzmghaO,0,2591700,95.408974,66.9152598369022,77.902416,1,1.75
1959483,CNndE/NcVHajhXNDAfb3AqVJhEMYhjB5xm8NP0A6OmJyHG5Mh9iweTZYACUFPIfE,0,2591700,99.232917,60.35786959983778,96.90386099999999,1,1.75
1962501,aEqrH2+12QJY9vd3hvZBR66ROs0wacA8caccLbUpAKOaKwDiGKuQgs7MZ1+3kJiQ,0,750300,99.389352,70.0606651810554,98.780739,1,1.75
1962502,nsL9BdSagBItDQZfT1pZsaIevdQ+fLdiCC3iO1I2gFvSr12Wtlp9COAvqCEDv5Jc,0,2591700,99.396914,53.576532801620296,98.567656,1,1.75
1963046,3uGoeBvNLq1WYw97me03xhWIwQHk77iM1WD70TB4xrmaeKQZx2LPFWPVgbekbZlk,0,163500,99.857957,52.277168454212465,98.54854399999999,1,1.75
1963047,kplcLhu+iE1OXctANwp7dK8R/FsZ5uq1sB0fB1HG55uretb/3H3Mu4KCWb0UWa+h,0,163500,99.66753100000001,54.05796463003666,98.473833,1,1.75
1966280,ecMy6BDw40/wANzrLJncqhha3BHV7H4SpJseQJlWRjeuFMQh/c4cyYFGdV6zTOeN,0,66600,98.898723,50.368984726457384,85.62100600000001,1,1.75
1984711,ly/7Nmfp6eRUtKaIAwfF4w0jtQy2JNXzVHPdr25obY7AiI3Jp7M7JAYlMNpSnB/n,0,2591700,99.12602700000001,65.69859413726853,97.244679,1,1.75
1989568,pz6OS3kdeBnPIItcpJwqDvEOWqkG/oqg7/pARC88YiK/gl2Ux/K/qXvQu4Rl1ElC,0,2591700,99.498462,87.43623599641171,98.735221,1,1.75
1991411,1JvODwD9OnmA/5flENFF2MpEbx/40V0V3UYNy10efU/yuvRDFw6gqHgJJ4ZDF46Q,0,1298100,99.937343,58.4205792980347,98.83165,1,1.75
1994685,ZYEEKy9mBRxmkTFTUAdYHvoqOR1tg5B2wmQZIN8pEjHoE42qN1MGkK4DNSOFJnxd,0,1880100,100.0,60.79750679233614,99.473508,1,1.75
1994952,YjZn/izSu5Z3aK0fI940bdsUm7N9B+vtAZBnTA6QC6BeqTfE9yX4hu8yeBw3qoKe,0,2235900,100.0,61.13873450365382,99.410527,1,1.75
1994954,A6UWmWKa3VZKdASVQak5lCAWWWFygE4mBu2MBTi+jD8Tkz24zmhsXM9Zr/y0VRna,0,2591700,100.0,72.05867820657747,99.51151800000001,1,1.75
1995617,qyxDFKNGezC9x9ffaR6ONQNQcU3iNchuLYT8L5St6LeYdS7bx2HjYsUgL5Y4JIVY,0,2591700,99.388674,62.247851864689544,98.897795,1,1.75
1997643,/5hvvOWRC8xFTRYFx+uaeCkeAI2jNZoTAisHJ0mTwxe12ZWBgWAbpPXpVyelGBQv,0,71400,99.845056,86.75782121757324,99.294713,1,1.75
2011195,CzCMK8cEjiP5KrkPcci4hYDIZCUZrK+Bz7rkIjtLj/G1NNOyw+KUAo8FkHf9kD4w,0,2591700,99.402788,67.91263075023174,98.459079,1,1.75
,vmid,vmcreated,vmdeleted,maxcpu,avgcpu,p95maxcpu,vmcorecount,vmmemory
359731,NIBEJ+2nHzSxw9kHYUgz9tinotv0ii9aN7WKUIXsTga5fCAfzYcdCqyr3ny2XWC1,0,2591700,100.0,55.33701149930495,99.627073,1,0.75
382597,sSUBMBJ/2zFMdaoejVHqZSzcCiQR1c3aOXcf4OwELPpJEAoQj5xYwXpptQuNyNzx,0,226800,100.0,50.6600334663144,96.61069599999999,1,0.75
610473,XoewjwmLiuxHN84Fq3ynGS8002jdJ7xnaOP/HqEj2WcKLEryCPg43CdNM6ywVIZ+,0,2591700,100.0,61.8673603872688,98.358985,1,0.75
631127,RqslD0nA4OrnZkqOsrjBiiozo2Zb55/E/h0svciIhdkV01GypIuf9qX0ppXh1loW,0,2591700,100.0,90.64013708739442,96.382019,1,0.75
777627,HEt/XnaCnvXvgVgmiuLX4jft8k8/0/rRf8Qk+UwV5kRnZroUfCgxu+SfB17qZtVo,0,290400,100.0,97.39034123013424,98.940674,1,0.75
831440,TL0HWe/WgB+AtTU0CtRnaodB1M0la2ClkGrhlK6ecTepzA3mO9rvXn0DFQWgvU2h,0,2591700,100.0,55.495486867939995,99.5465,1,0.75
832282,23Sr2F9vgDt6S0DgJ9uQQ5EgM3RvQT4Me9l/euApIqFh4L+Ta9v/G+T3luUnst/j,0,2591700,100.0,59.342015323842936,99.253712,1,0.75
881826,/MFbo3Yq8OedXoEG18LZpOFvNdjg6eSy7b2AwddZmFRrRxvIX27r+VNmlzlswTi5,0,2591700,100.0,86.75082481571923,99.861204,1,0.75
881827,21oBV5ceD/xdGWj1BJoCt1DdGD0Gfg35zBGnR+tGQuM/Hyvq8l1Cx0YtZSg97Hny,0,2591700,100.0,85.81525699930529,98.85258,1,0.75
881828,YOJ07zupFRbkFpd1I12fB1KH/UzrHaXtzh/kDwhEICEUzIUzKNBH6FBdtxBImeuC,0,2591700,100.0,73.90937176820638,96.918436,1,0.75
881830,2xtBrYuEWc+C9SWortWmzkU/IeWJvpqZvRfuH2Z5/ZscqP+z2qBfB44VDq/YDcAF,0,201300,100.0,80.76570200446433,97.919739,1,0.75
881831,+QaGwttgR8bj3NuEv4WFnfoLGCQo5iTvQKnUxZvkeJkWs0sXtzt/GecLueVWfkDZ,0,2591700,100.0,77.36923138939676,97.298428,1,0.75
906409,O3Zg1ABf3PwBhcrvevoJmD0If1UP1yUp4qYP5Njp5q9bALJfolYBeSHtNuQLJtEs,0,2591700,100.0,87.18372715441618,99.59500799999999,1,0.75
926182,MIV4zdyhqT/d1Itpjj0uchUS+Ipmsocj4Blp/o3jK4h7Hesx4DzGaO1ckC0Yw3YT,0,2591700,100.0,70.93057021310334,99.61402199999999,1,0.75
926193,5I7M8axepd46DhDCLfFEjiu5kOK03cdKHUCbgSjD/Ez0+kPDq4yBzSOZidPNfirp,0,2591700,100.0,55.84018932383931,99.649206,1,0.75
926194,q5ntD82Ya3JAikvEOwxaPKv8YW292/6/PhSQ7g5Yx7BHcybCbSTSE3deh5zCcKZw,0,2591700,100.0,71.30452783953217,99.68472299999999,1,0.75
951944,Qzc/5Y5F73P/n3cAeR70Cu7JijNQMZ2arEF4uZOPlHs8pw5id0ZNfozhE6hfqUbx,0,2591700,100.0,97.44314681421469,98.249312,1,0.75
1034085,Io88Pe2INx9pQWhjLocPrF4x6TsBF3BXtElBYrl0jEHBmrGCrW6XNVT6A5mSOA1D,0,2591700,100.0,86.19682324606511,100.0,1,0.75
1116918,L8q212BVFP5PEsPCt/bWjsVifbHTBDxT843jyQkw1ecKLrpiPJhl60yXa5jJ51Rj,0,2591700,100.0,54.97056369443802,99.35871999999999,1,0.75
1250576,u6lVKTCaowI5DI3W95DoRc0j1fkWwjxIRrLXpgTdgJ3qdHIOMEnU/yniGyonoc/W,0,2591700,100.0,99.52322837446457,100.0,1,0.75
1252916,ga4Azi2a+4wwUBk3S+lniF0Ifh9XD/re/9ksiksbBPLEonVAYpLiJTeoQvf2c1/r,0,2591700,100.0,98.31295682187492,99.169575,1,0.75
1277109,4WJs45IN0X6eZF1OKwlDVccXsx6P6ZekJNMQfFn87in8THQNozrNftjGK919aZxe,0,2591700,100.0,98.93794488077326,99.583067,1,0.75
1349454,9+rQVndcWJS4uV0kubDAdM88eSgzZfhWHjBRR4Hw6QxqCtHKH/9UeCrnjaBpEPLz,0,2591700,100.0,98.8017596287763,99.702913,1,0.75
1566964,hfUMVHqDvNuOh/UqQmAW8xwAv59d6vo9kxto9hpxIwkKvCTjyzBiLeQNEn0r2Umj,0,2239800,94.51823399999999,51.493131382750775,85.46069,1,0.75
1592209,aRJSrHFD3PdBlT0WJquhi+cgMi7UvrNOsaifp1Yj0bBK2k2rGRkg0LBUoL5jypRj,0,2591700,93.747636,81.86942795543499,84.94162,1,0.75
1592210,Myi9wyAulApDe7hpcfnTTuOqGndXWnE8JyhA4zjb2aiu05oN/FGzwmC1AfdUtCal,0,2591700,97.395576,81.48826144872682,85.627348,1,0.75
1629101,bBxjwVsdtdPoIlJRlIOBpWEPRamaw30hN5SBzharL+ARtWvYEmEDzqyBLTrLEpPX,0,2591700,100.0,100.0,100.0,1,0.75
